Ticker,Company Name,Date,Price,Open,High,Low,Vol.,Change %
AIS,AIS,9/2/2025,30.01,29.76,30.02,29.5,27.32K,-1.42%
AIS,AIS,9/3/2025,30.1,29.93,30.22,29.93,6.74K,0.31%
AIS,AIS,9/4/2025,30.37,30.01,30.42,29.84,5.02K,0.89%
AIS,AIS,9/5/2025,30.71,30.92,30.96,30.18,16.31K,1.12%
AIS,AIS,9/8/2025,31.12,30.86,31.14,30.78,29.95K,1.34%
AIS,AIS,9/9/2025,31.29,31.13,31.29,30.91,12.43K,0.54%
AIS,AIS,9/10/2025,32.23,31.99,32.42,31.79,42.75K,3.01%
AIS,AIS,9/11/2025,33.08,32.9,33.4,32.48,268.73K,2.64%
AIS,AIS,9/12/2025,33.12,35.29,35.29,33.04,58.46K,0.12%
AIS,AIS,9/15/2025,33.52,34.64,34.64,33.12,28.06K,1.21%
AIS,AIS,9/16/2025,33.67,33.86,33.91,33.49,58.22K,0.44%
AIS,AIS,9/17/2025,33.66,34.37,34.37,33.32,22.49K,-0.02%
AIS,AIS,9/18/2025,34.8,34.3,34.96,34.23,53.21K,3.39%
AIS,AIS,9/19/2025,34.6,34.65,34.74,34.3,40.54K,-0.57%
AIS,AIS,9/22/2025,35.18,34.6,35.19,34.56,40.42K,1.67%
AIS,AIS,9/23/2025,34.99,35.28,35.38,34.85,48.36K,-0.54%
AIS,AIS,9/24/2025,34.56,34.87,34.93,34.42,29.34K,-1.22%
AIS,AIS,9/25/2025,34.6,34.18,34.65,33.77,37.23K,0.10%
AIS,AIS,9/26/2025,34.3,34.42,34.42,33.99,17.97K,-0.87%
AIS,AIS,9/29/2025,34.94,34.93,35.13,34.7,77.44K,1.87%
AIS,AIS,9/30/2025,35.13,34.85,35.91,34.72,40.17K,0.54%
AIS,AIS,10/1/2025,35.99,35.03,36.16,34.78,58.97K,2.46%
AIS,AIS,10/2/2025,36.51,36.56,36.8,36.31,103.04K,1.44%
AIS,AIS,10/3/2025,36.38,36.78,36.84,36.1,65.09K,-0.35%
AIS,AIS,10/6/2025,37.21,37.45,37.87,37.2,113.27K,2.28%
AIS,AIS,10/7/2025,36.57,37.29,37.53,36.24,87.04K,-1.72%
AIS,AIS,10/8/2025,37.7,36.79,37.9,36.73,128.75K,3.09%
AIS,AIS,10/9/2025,37.48,37.57,37.84,37.15,200.71K,-0.58%
AIS,AIS,10/10/2025,35.59,37.63,37.84,35.59,201.05K,-5.04%
AIS,AIS,10/13/2025,37.03,36.65,37.28,36.55,151.29K,4.05%
AIS,AIS,10/14/2025,36.32,36.4,36.96,35.76,43.84K,-1.90%
AIS,AIS,10/15/2025,37.42,36.96,37.44,36.81,38.94K,3.02%
AIS,AIS,10/16/2025,37.75,37.97,38.28,37.48,34.51K,0.88%
AIS,AIS,10/17/2025,37.25,37.08,37.57,36.91,65.03K,-1.32%
AIS,AIS,10/20/2025,38.03,37.93,38.35,37.52,73.26K,2.09%
AIS,AIS,10/21/2025,37.92,38.19,38.21,37.72,52.32K,-0.29%
AIS,AIS,10/22/2025,37.38,38.14,38.3,36.61,182.61K,-1.43%
AIS,AIS,10/23/2025,38.29,37.4,38.4,37.4,34.72K,2.44%
AIS,AIS,10/24/2025,39.23,39.1,39.46,39.1,82.87K,2.45%
AIS,AIS,10/27/2025,40.23,40.23,40.57,39.8,194.48K,2.55%
AIS,AIS,10/28/2025,40.13,39.92,40.5,39.59,48.02K,-0.25%
AIS,AIS,10/29/2025,40.9,40.77,41.11,40.47,102.56K,1.92%
AIS,AIS,10/30/2025,40.21,40.27,40.81,40.05,42.49K,-1.69%
AIS,AIS,10/31/2025,40.1,42,42,39.71,38.52K,-0.27%
AIS,AIS,11/3/2025,40.67,40.89,40.9,40.29,275.32K,1.42%
AIS,AIS,11/4/2025,38.7,39.25,39.9,38.53,101.78K,-4.84%
AIS,AIS,11/5/2025,39.57,38.7,39.9,38.7,84.82K,2.25%
AIS,AIS,11/6/2025,38.46,39.6,39.6,38.32,144.46K,-2.81%
AIS,AIS,11/7/2025,38.1,37.73,38.1,36.81,124.26K,-0.94%
AIS,AIS,11/10/2025,39.58,39.2,39.67,39.03,102.36K,3.89%
AIS,AIS,11/11/2025,38.61,39.31,39.31,38.61,54.44K,-2.46%
AIS,AIS,11/12/2025,38.67,39.13,39.24,38.63,73.98K,0.17%
AIS,AIS,11/13/2025,37.2,38.46,38.46,36.9,82.09K,-3.81%
AIS,AIS,11/14/2025,37.3,36.28,37.85,36,60.15K,0.27%
AIS,AIS,11/17/2025,36.82,37.11,37.8,36.54,36.86K,-1.30%
AIS,AIS,11/18/2025,36,36.42,36.5,35.69,73.28K,-2.22%
AIS,AIS,11/19/2025,36.1,36.07,36.63,35.76,35.56K,0.28%
AIS,AIS,11/20/2025,34.47,37.23,37.88,34.38,217.14K,-4.52%
AIS,AIS,11/21/2025,34.42,34.27,34.9,33.35,83.88K,-0.15%
AIS,AIS,11/24/2025,35.66,34.75,35.72,34.75,105.57K,3.60%
AIS,AIS,11/25/2025,35.6,35.38,35.69,34.54,26.10K,-0.17%
AIS,AIS,11/26/2025,36.11,35.81,36.4,35.69,45.80K,1.43%
AIS,AIS,11/28/2025,36.87,36.63,36.87,36.33,20.25K,2.10%
AIS,AIS,12/1/2025,36.69,36.63,37.02,36.42,32.22K,-0.49%
AIS,AIS,12/2/2025,36.98,37.28,37.49,36.76,25.41K,0.79%
AIS,AIS,12/3/2025,37.08,37.11,37.11,36.42,34.77K,0.28%
AIS,AIS,12/4/2025,37.03,37.08,37.19,36.82,21.42K,-0.15%
AIS,AIS,12/5/2025,37.56,37.19,37.66,37.19,19.37K,1.43%
AIS,AIS,12/8/2025,38.17,38,38.24,37.73,28.99K,1.62%
AIS,AIS,12/9/2025,38.16,38.1,38.38,37.92,33.65K,-0.03%
AIS,AIS,12/10/2025,38.82,38.28,39.05,38.11,88.49K,1.73%
AIS,AIS,12/11/2025,38.32,38.5,38.5,37.55,48.79K,-1.29%
AIS,AIS,12/12/2025,36.5,38.21,38.21,36.4,269.84K,-4.75%
AIS,AIS,12/15/2025,36.23,37,37,36.22,58.84K,-0.74%
AIS,AIS,12/16/2025,36.08,36.06,36.36,35.71,65.11K,-0.41%
AIS,AIS,12/17/2025,35.03,36.21,36.53,35.03,47.67K,-2.91%
AIS,AIS,12/18/2025,35.99,36.15,36.6,35.88,75.70K,2.75%
AIS,AIS,12/19/2025,36.83,36.29,37.05,36.29,32.13K,2.32%
AIS,AIS,12/22/2025,37.45,37.77,37.84,37.22,45.47K,1.68%
AIS,AIS,12/23/2025,37.57,37.47,37.65,37.27,41.74K,0.33%
AIS,AIS,12/24/2025,37.92,37.51,37.92,37.51,20.72K,0.93%
AIS,AIS,12/26/2025,38.1,38.1,38.1,37.9,28.09K,0.49%
AIS,AIS,12/29/2025,38.11,37.91,38.25,37.74,39.43K,0.01%
AIS,AIS,12/30/2025,38.17,38.15,38.47,38.1,51.32K,0.17%
AIS,AIS,12/31/2025,37.77,38,38.06,37.74,98.96K,-1.06%
AIS,AIS,1/2/2026,39.45,38.7,39.6,38.7,91.73K,4.45%
AIS,AIS,1/5/2026,39.7,40.17,40.56,39.51,96.21K,0.63%
AIS,AIS,1/6/2026,40.64,40.03,40.71,39.65,108.44K,2.37%
AIS,AIS,1/7/2026,40.65,40.61,40.78,40.29,247.89K,0.02%
AIS,AIS,1/8/2026,39.78,40.65,40.65,39.36,79.59K,-2.14%
AIS,AIS,1/9/2026,40.39,39.98,40.57,39.79,65.73K,1.53%
AIS,AIS,1/12/2026,40.83,40.12,40.88,40.12,89.01K,1.09%
AIS,AIS,1/13/2026,40.8,40.81,41.01,40.6,48.12K,-0.07%
AIS,AIS,1/14/2026,40.73,40.63,40.77,40.3,73.46K,-0.17%
AIS,AIS,1/15/2026,41.31,41.58,41.92,41.12,146.80K,1.42%
AIS,AIS,1/16/2026,41.8,41.92,42.13,41.52,75.39K,1.19%
AIS,AIS,1/20/2026,41.3,41,41.88,40.85,118.52K,-1.20%
AIS,AIS,1/21/2026,42.61,41.69,42.86,41.69,120.79K,3.17%
AIS,AIS,1/22/2026,43.2,43.24,43.36,42.63,96.56K,1.38%
AIS,AIS,1/23/2026,42.42,42.81,42.81,42.12,101.12K,-1.81%
AIS,AIS,1/26/2026,42.22,42.31,42.63,42.04,100.08K,-0.47%
AIS,AIS,1/27/2026,43.16,42.86,43.23,42.6,84.33K,2.23%
AIS,AIS,1/28/2026,44.23,43.88,44.42,43.7,131.56K,2.48%
AIS,AIS,1/29/2026,43.71,44.07,44.07,42.32,131.24K,-1.18%
AIS,AIS,1/30/2026,42.59,43.72,44.5,42.5,120.47K,-2.56%
AIS,AIS,2/2/2026,43.51,42.05,43.7,42,85.62K,2.16%
AIS,AIS,2/3/2026,43.25,43.88,44.2,42.26,102.05K,-0.60%
AIS,AIS,2/4/2026,41.07,43,43.05,40.44,201.33K,-5.04%
AIS,AIS,2/5/2026,40.89,40.54,41.75,40.23,96.89K,-0.44%
AIS,AIS,2/6/2026,43.22,41.53,43.27,41.53,203.72K,5.70%
AIS,AIS,2/9/2026,44.3,43.22,44.38,43.16,235.11K,2.50%
AIS,AIS,2/10/2026,43.47,44.3,44.3,43.33,74.73K,-1.87%
AIS,AIS,2/11/2026,44.75,44.23,44.85,43.61,122.91K,2.94%
AIS,AIS,2/12/2026,44.14,45.31,45.68,43.86,217.25K,-1.36%
AIS,AIS,2/13/2026,44.14,44.12,44.67,43.18,133.84K,0.00%
AIS,AIS,2/17/2026,43.9,43.56,44.24,43.03,100.57K,-0.54%
AIS,AIS,2/18/2026,44.17,43.81,44.78,43.74,100.07K,0.62%
AIS,AIS,2/19/2026,44.11,44.01,44.11,43.5,65.07K,-0.14%
AIS,AIS,2/20/2026,45.01,43.8,45.04,43.8,113.04K,2.04%
AIS,AIS,2/23/2026,44.57,44.61,44.89,44.07,157.79K,-0.98%
AIS,AIS,2/24/2026,45.65,45.14,45.83,44.57,122.99K,2.42%
AIS,AIS,2/25/2026,46.96,46.15,47.21,46.06,237.54K,2.87%
AIS,AIS,2/26/2026,46.04,47,47,45,241.14K,-1.96%
AIS,AIS,2/27/2026,45.57,44.93,45.77,44.71,151.83K,-1.02%
AIS,AIS,3/2/2026,45.5,44.22,45.69,43.76,74.83K,-0.15%
AIS,AIS,3/3/2026,43.08,43.07,43.78,41.81,262.78K,-5.32%
AIS,AIS,3/4/2026,44.34,43.28,44.64,43.19,196.60K,2.92%
AIS,AIS,3/5/2026,43.12,43.75,44.35,42.17,184.11K,-2.75%
AIS,AIS,3/6/2026,41.89,42.07,43.03,41.6,69.10K,-2.85%
AIS,AIS,3/9/2026,43.88,41,43.88,40.64,187.06K,4.75%
AIS,AIS,3/10/2026,44.07,43.97,45.14,43.82,180.52K,0.43%
AIS,AIS,3/11/2026,44.76,44.19,44.89,44.19,98.46K,1.57%
AIS,AIS,3/12/2026,43.03,43.71,43.83,42.76,216.60K,-3.87%
AIS,AIS,3/13/2026,43.29,43.75,44.08,42.98,59.21K,0.60%
AIS,AIS,3/16/2026,45.43,44.43,45.5,44.43,144.57K,4.94%
AIS,AIS,3/17/2026,45.14,45.26,45.31,44.7,119.48K,-0.64%
AIS,AIS,3/18/2026,44.76,45.23,45.75,44.76,139.46K,-0.84%
AIS,AIS,3/19/2026,45.15,43.68,45.44,43.06,92.47K,0.87%
AIS,AIS,3/20/2026,43.14,44.75,44.99,42.5,135.06K,-4.45%
AIS,AIS,3/23/2026,44.02,43.76,44.93,43.33,203.69K,2.04%
AIS,AIS,3/24/2026,44.11,43.27,44.24,42.94,89.99K,0.20%
AIS,AIS,3/25/2026,44.83,44.93,45.2,44.42,100.56K,1.63%
AIS,AIS,3/26/2026,42.05,43.82,43.82,42.03,216.31K,-6.20%
AIS,AIS,3/27/2026,41.38,41.78,42.08,41.1,111.47K,-1.59%
AIS,AIS,3/30/2026,39.56,41.8,41.8,39.06,305.85K,-4.40%
AIS,AIS,3/31/2026,41.91,39.87,42.01,39.87,207.03K,5.94%
AIS,AIS,4/1/2026,43.28,42.69,43.96,42.69,187.00K,3.27%
AIS,AIS,4/2/2026,43.33,41.51,43.47,41.36,82.08K,0.12%
AIS,AIS,4/6/2026,43.82,43.88,44.28,43.44,115.44K,1.13%
AIS,AIS,4/7/2026,44.44,43.86,44.44,43.03,114.68K,1.41%
AIS,AIS,4/8/2026,47.86,47.67,47.94,46.76,325.06K,7.70%
AIS,AIS,4/9/2026,48.23,47.48,48.35,47.16,173.96K,0.77%
AIS,AIS,4/10/2026,49.01,48.5,49.16,48.5,171.90K,1.62%
AIS,AIS,4/13/2026,50.37,48.93,50.37,48.7,248.79K,2.77%
AIS,AIS,4/14/2026,51.52,51.51,51.6,50.18,525.66K,2.28%
AIS,AIS,4/15/2026,51.21,51.35,51.35,50.28,481.01K,-0.60%
AIS,AIS,4/16/2026,52,51.28,52,50.76,609.64K,1.54%
AIS,AIS,4/17/2026,53.43,52.95,53.56,52.72,315.95K,2.75%
AIS,AIS,4/20/2026,53.66,53.37,53.72,52.76,178.02K,0.43%
AIS,AIS,4/21/2026,54.08,54.01,54.78,53.8,222.61K,0.78%
AIS,AIS,4/22/2026,56.55,55.13,56.56,55.13,742.18K,4.57%
AIS,AIS,4/23/2026,56.22,55.99,57,55.19,359.55K,-0.58%
AIS,AIS,4/24/2026,58.07,57.51,58.36,56.88,284.70K,3.29%
AIS,AIS,4/27/2026,58.29,58.61,58.61,56.92,258.86K,0.38%
AIS,AIS,4/28/2026,56.03,56.16,56.88,54.93,260.79K,-3.88%
AIS,AIS,4/29/2026,58.11,57.5,58.11,56.67,206.11K,3.71%
AIS,AIS,4/30/2026,59.8,58.53,59.8,57.58,480.62K,2.91%
AIS,AIS,5/1/2026,60.78,60.57,60.78,58.9,430.91K,1.64%
AIS,AIS,5/4/2026,60.77,61.59,62,60.26,362.50K,-0.02%
AIS,AIS,5/5/2026,63.73,61.92,63.96,61.65,520.96K,4.87%
AIS,AIS,5/6/2026,66.14,65.46,66.14,63.64,583.20K,3.78%
AIS,AIS,5/7/2026,63.71,65.62,65.74,63.3,350.79K,-3.67%
AIS,AIS,5/8/2026,67.64,65.31,67.64,65.25,412.83K,6.17%
AIS,AIS,5/11/2026,70.93,69.12,71.6,69,681.68K,4.86%
AIS,AIS,5/12/2026,67.94,68.91,70.92,65.38,926.60K,-4.22%
AIS,AIS,5/13/2026,70.94,70.56,71.32,69.01,638.75K,4.42%
AIS,AIS,5/14/2026,71.19,70.75,71.57,69.79,468.91K,0.35%
AIS,AIS,5/15/2026,67.82,67.95,68.8,66.82,468.85K,-4.73%
AIS,AIS,5/18/2026,65.7,69.09,69.09,64.35,507.64K,-3.13%
AIS,AIS,5/19/2026,65.36,63.72,66.57,62.5,488.17K,-0.52%
AIS,AIS,5/20/2026,68.28,66.73,68.33,66.56,395.45K,4.47%
AIS,AIS,5/21/2026,70.2,68.03,70.4,68.03,459.15K,2.81%
AIS,AIS,5/22/2026,71.41,70.74,72,70.51,443.10K,1.72%
AIS,AIS,5/26/2026,76.71,74.65,76.93,74.36,793.96K,7.42%
AIS,AIS,5/27/2026,75.75,77.44,77.88,74.28,768.61K,-1.25%
AIS,AIS,5/28/2026,77.36,76.01,77.89,74.81,495.32K,2.13%
AIS,AIS,5/29/2026,76.65,77.59,77.75,75.82,482.91K,-0.92%
AIS,AIS,6/1/2026,78.61,76.79,79.29,76.16,831.38K,2.56%
AIS,AIS,6/2/2026,81.98,79.92,81.99,79.15,723.30K,4.29%
AIS,AIS,6/3/2026,82.57,83.13,83.35,80.69,846.35K,0.72%
AIS,AIS,6/4/2026,80.25,78.59,81.3,76.9,831.75K,-2.81%
AIS,AIS,6/5/2026,70.83,76.33,76.53,70.67,1.34M,-11.74%
AIS,AIS,6/8/2026,74.03,74.85,75.48,73.21,774.59K,4.52%
AIS,AIS,6/9/2026,72.87,76.3,76.9,68.43,1.46M,-1.57%
AIS,AIS,6/10/2026,70.25,71.43,73.88,70.03,877.69K,-3.60%
AIS,AIS,6/11/2026,76.24,71.89,76.31,71.77,665.85K,8.53%
AIS,AIS,6/12/2026,76.82,75.46,77.84,75,603.69K,0.76%
AIS,AIS,6/15/2026,81.28,80.61,81.34,79.95,733.59K,5.81%
AIS,AIS,6/16/2026,78.07,80.9,82.02,78.05,594.57K,-3.95%
AIS,AIS,6/17/2026,79.91,80.98,82.6,79.63,575.03K,2.36%
AIS,AIS,6/18/2026,85.57,83.84,86.07,83.84,749.58K,7.08%
AIS,AIS,6/22/2026,88.41,88.08,88.79,86.86,1.21M,3.32%
AIS,AIS,6/23/2026,80.59,80.89,82.82,79.85,1.04M,-8.85%
AIS,AIS,6/24/2026,80.27,81.61,81.78,78.2,871.82K,-0.40%
AIS,AIS,6/25/2026,83.99,85.93,85.95,80.98,1.18M,4.63%
AIS,AIS,6/26/2026,79.82,80.39,81.1,79,958.95K,-4.96%
AIS,AIS,6/29/2026,82.23,79.71,82.25,76.51,794.46K,3.02%
AIS,AIS,6/30/2026,85.31,82.48,85.53,82.48,552.67K,3.75%
AIS,AIS,7/1/2026,79.49,81.51,82.07,79.31,732.23K,-6.82%
AIS,AIS,7/2/2026,74.23,78.59,79.63,72.85,1.49M,-6.62%
AIS,AIS,7/6/2026,77.07,76.68,78.92,76.44,1.03M,3.83%
AIS,AIS,7/7/2026,72.37,73.32,73.5,70.62,718.00K,-6.10%
AIS,AIS,7/8/2026,73.96,71.46,74.12,71.19,609.74K,2.20%
AIS,AIS,7/9/2026,77.23,77.33,78.36,76.82,594.04K,4.42%
AIS,AIS,7/10/2026,76.51,75.76,77.09,74.94,443.96K,-0.93%
AIS,AIS,7/13/2026,71.94,73.28,73.38,71.44,464.87K,-5.97%
AIS,AIS,7/14/2026,74.04,74.82,74.99,73,403.94K,2.92%
AIS,AIS,7/15/2026,71.7,74.4,74.75,69.45,519.25K,-3.16%
AIS,AIS,7/16/2026,67.25,69.03,69.26,66.65,620.37K,-6.21%
AIS,AIS,7/17/2026,66.34,64.44,67.98,63.01,881.29K,-1.35%
AIS,AIS,7/20/2026,66.54,67.89,68.31,66.36,331.69K,0.30%
AIS,AIS,7/21/2026,71.04,69.62,71.34,69.12,516.26K,6.76%
AIS,AIS,7/22/2026,70.91,69.56,71.7,69.3,341.34K,-0.18%
AIS,AIS,7/23/2026,70.97,69.88,71.72,69.88,398.06K,0.08%
AIS,AIS,7/24/2026,67.28,69.81,70.07,66.76,352.58K,-5.20%
AIS,AIS,7/27/2026,65.75,68.32,68.32,63.85,646.86K,-2.27%
AIS,AIS,7/28/2026,61.33,62.22,62.22,59.5,926.84K,-6.72%
AIS,AIS,7/29/2026,57.96,60.6,61.4,57.77,728.60K,-5.49%
AIS,AIS,7/30/2026,63.42,61.03,63.53,61.03,900.72K,9.42%
AIS,AIS,7/31/2026,63.72,66.77,67.33,63.36,719.66K,0.47%
AIS,AIS,8/3/2026,65.26,62.64,65.72,61.61,374.49K,2.42%
AIS,AIS,8/4/2026,69.84,68.37,70.26,68,1.10M,7.02%
AIS,AIS,8/5/2026,68.57,69.23,70.63,68.44,445.18K,-1.82%
AIS,AIS,8/6/2026,68.43,66.65,69.57,65.8,392.23K,-0.20%
AIS,AIS,8/7/2026,68.93,69.82,70,67.37,484.68K,0.73%
AIS,AIS,8/10/2026,67.32,68.49,69.1,67.32,294.25K,-2.34%
AIS,AIS,8/11/2026,68.16,68.15,68.48,67.58,238.68K,1.25%
AIS,AIS,8/12/2026,71.12,71.12,71.73,70.46,340.90K,4.34%
AIS,AIS,8/13/2026,72.1,71.07,73.29,70.99,396.19K,1.38%
AIS,AIS,8/14/2026,72.97,72.64,73.58,72.1,271.43K,1.21%
AIS,AIS,8/17/2026,74.65,74.22,75.52,73.92,526.14K,2.30%
AIS,AIS,8/18/2026,69.64,71.19,71.9,69.15,655.66K,-6.71%
AIS,AIS,8/19/2026,68.34,70.9,70.9,67.54,633.09K,-1.87%
AIS,AIS,8/20/2026,69.14,68.45,69.4,68,230.75K,1.17%
AIS,AIS,8/21/2026,68.73,70.17,70.17,68.27,260.42K,-0.59%
AIS,AIS,8/24/2026,66.49,67.55,67.55,65.36,399.78K,-3.26%
AIS,AIS,8/25/2026,68.04,68.35,68.7,67.35,207.35K,2.33%
AIS,AIS,8/26/2026,69.03,67.69,69.06,67.69,228.74K,1.46%
AIS,AIS,8/27/2026,69.96,71.09,71.09,69.14,437.29K,1.35%
AIS,AIS,8/28/2026,67.82,69.29,69.55,67.67,491.30K,-3.06%
AIS,AIS,8/31/2026,68.07,67.96,68.39,67.45,381.24K,0.37%
AIS,AIS,9/1/2026,66.46,66.79,67.46,66.01,512.34K,-2.37%
AIS,AIS,9/2/2026,66.95,66.46,66.96,65.87,166.18K,0.74%
AIS,AIS,9/3/2026,67.2,66.28,67.25,65.22,197.47K,0.37%
AIS,AIS,9/4/2026,70.33,68.02,70.41,67.76,333.47K,4.66%
AIS,AIS,9/8/2026,72.04,71.85,72.98,71.18,656.34K,2.43%
AIS,AIS,9/9/2026,72.2,72,73.49,71.96,474.45K,0.22%
AIS,AIS,9/10/2026,69.66,70.32,70.86,69.59,306.85K,-3.52%
AIS,AIS,9/11/2026,71.56,71.01,71.84,70.51,238.12K,2.73%
AIS,AIS,9/14/2026,66.26,66.68,67.35,66.11,385.20K,-7.41%
AIS,AIS,9/15/2026,66.36,66.9,67.32,66.07,208.16K,0.15%
AIS,AIS,9/16/2026,67.94,67.95,68.82,67.05,278.23K,2.38%
AIS,AIS,9/17/2026,70.74,69.75,71.1,69.75,347.69K,4.12%
AIS,AIS,9/18/2026,72.26,71.18,72.46,71.03,522.83K,2.15%
AIS,AIS,9/21/2026,74.9,74.21,75.27,73.56,1.23M,3.65%
AIS,AIS,9/22/2026,76.55,74.31,76.86,74.31,899.17K,2.20%
AIS,AIS,9/23/2026,75.11,76.11,76.45,74.43,354.04K,-1.88%
AIS,AIS,9/24/2026,74.86,73.84,75.31,73.63,206.58K,-0.33%
AIS,AIS,9/25/2026,75.94,75.72,76.31,75.15,385.75K,1.44%
AIS,AIS,9/28/2026,74.28,74.89,75.05,72.72,1.04M,-2.19%
AIS,AIS,9/29/2026,75.22,75.22,75.86,74.68,278.13K,1.27%
ALAB,Astera Labs Inc,9/2/2025,174.24,177.13,180.7,167.5,5.87M,-4.37%
ALAB,Astera Labs Inc,9/3/2025,176.61,174.76,179.99,172.5,3.23M,1.36%
ALAB,Astera Labs Inc,9/4/2025,187.95,178.9,188.05,174.51,7.12M,6.42%
ALAB,Astera Labs Inc,9/5/2025,191.2,194.5,197.37,184,6.50M,1.73%
ALAB,Astera Labs Inc,9/8/2025,216.1,194.7,220.69,194.01,9.80M,13.02%
ALAB,Astera Labs Inc,9/9/2025,214.49,213.3,217.92,208.28,4.67M,-0.75%
ALAB,Astera Labs Inc,9/10/2025,230.37,225.43,230.88,217,6.20M,7.40%
ALAB,Astera Labs Inc,9/11/2025,232.9,233.74,237.82,228.51,4.05M,1.10%
ALAB,Astera Labs Inc,9/12/2025,229.5,233,234.77,226,3.70M,-1.46%
ALAB,Astera Labs Inc,9/15/2025,231.29,229,235.88,226.2,3.25M,0.78%
ALAB,Astera Labs Inc,9/16/2025,238.79,232.89,241.29,231.99,4.37M,3.24%
ALAB,Astera Labs Inc,9/17/2025,249.38,244.23,252.6,236.36,5.93M,4.43%
ALAB,Astera Labs Inc,9/18/2025,251.88,255,262.9,244.05,6.18M,1.00%
ALAB,Astera Labs Inc,9/19/2025,245.2,245.31,249.61,231.18,22.44M,-2.65%
ALAB,Astera Labs Inc,9/22/2025,237.3,239.88,243.2,232,6.36M,-3.22%
ALAB,Astera Labs Inc,9/23/2025,230.11,236.49,236.49,219.25,6.14M,-3.03%
ALAB,Astera Labs Inc,9/24/2025,205.27,212,213.69,195.68,13.35M,-10.79%
ALAB,Astera Labs Inc,9/25/2025,200.64,192.55,205.17,191.66,6.23M,-2.26%
ALAB,Astera Labs Inc,9/26/2025,197.78,200.54,201.99,193.25,3.32M,-1.43%
ALAB,Astera Labs Inc,9/29/2025,198.8,208.21,209.54,198.29,4.09M,0.52%
ALAB,Astera Labs Inc,9/30/2025,195.8,200.69,205.4,189.28,5.50M,-1.51%
ALAB,Astera Labs Inc,10/1/2025,194.5,191.79,195.88,186.12,4.90M,-0.66%
ALAB,Astera Labs Inc,10/2/2025,209.6,200,211.69,198.2,6.60M,7.76%
ALAB,Astera Labs Inc,10/3/2025,200.74,212.5,214.29,198.28,5.19M,-4.23%
ALAB,Astera Labs Inc,10/6/2025,220.81,228.56,232,217,8.73M,10.00%
ALAB,Astera Labs Inc,10/7/2025,212.1,221.11,224.12,205.92,4.78M,-3.94%
ALAB,Astera Labs Inc,10/8/2025,219.36,214.74,219.68,211.34,3.67M,3.42%
ALAB,Astera Labs Inc,10/9/2025,225.43,222,229.75,219.15,4.64M,2.77%
ALAB,Astera Labs Inc,10/10/2025,206.21,226.17,230,205.82,6.98M,-8.53%
ALAB,Astera Labs Inc,10/13/2025,199.53,214.46,216.27,196,7.65M,-3.24%
ALAB,Astera Labs Inc,10/14/2025,161.55,183.84,184,160.12,17.59M,-19.03%
ALAB,Astera Labs Inc,10/15/2025,161.46,170.57,170.58,158.35,7.56M,-0.05%
ALAB,Astera Labs Inc,10/16/2025,163.55,163.96,167.41,159.8,6.25M,1.29%
ALAB,Astera Labs Inc,10/17/2025,159.8,159.63,160.27,154.5,5.85M,-2.29%
ALAB,Astera Labs Inc,10/20/2025,156.31,155.01,159.75,153.4,5.76M,-2.18%
ALAB,Astera Labs Inc,10/21/2025,157.51,154.5,161.2,150.33,4.56M,0.77%
ALAB,Astera Labs Inc,10/22/2025,154.85,153.86,158.27,148.51,5.27M,-1.69%
ALAB,Astera Labs Inc,10/23/2025,163.64,154.89,166.33,154.89,5.21M,5.68%
ALAB,Astera Labs Inc,10/24/2025,164.97,167.6,170.2,164.34,4.53M,0.81%
ALAB,Astera Labs Inc,10/27/2025,170.28,171,174.23,168,3.95M,3.22%
ALAB,Astera Labs Inc,10/28/2025,168.25,172,174.93,166.73,2.93M,-1.19%
ALAB,Astera Labs Inc,10/29/2025,173.62,171,175.5,169.5,3.18M,3.19%
ALAB,Astera Labs Inc,10/30/2025,169.55,168.01,175.64,167.42,3.08M,-2.34%
ALAB,Astera Labs Inc,10/31/2025,186.68,181.5,201.86,181,9.39M,10.10%
ALAB,Astera Labs Inc,11/3/2025,191.56,191.38,198.24,187.5,6.04M,2.61%
ALAB,Astera Labs Inc,11/4/2025,179.31,181.37,193.21,179.31,8.96M,-6.39%
ALAB,Astera Labs Inc,11/5/2025,181.94,184.07,191.4,172.72,9.34M,1.47%
ALAB,Astera Labs Inc,11/6/2025,162.83,181.72,184,162.38,6.77M,-10.50%
ALAB,Astera Labs Inc,11/7/2025,165.49,157.12,165.49,151.61,6.40M,1.63%
ALAB,Astera Labs Inc,11/10/2025,173.74,173,176.8,167.55,4.85M,4.99%
ALAB,Astera Labs Inc,11/11/2025,167.55,170.06,174.37,166.54,3.25M,-3.56%
ALAB,Astera Labs Inc,11/12/2025,157.79,167.76,167.96,153.95,5.81M,-5.83%
ALAB,Astera Labs Inc,11/13/2025,144.47,154.99,155.07,137.91,7.82M,-8.44%
ALAB,Astera Labs Inc,11/14/2025,144.34,139.23,151.4,136.64,5.70M,-0.09%
ALAB,Astera Labs Inc,11/17/2025,141.39,145.38,147.49,137.43,5.41M,-2.04%
ALAB,Astera Labs Inc,11/18/2025,139.52,138.1,144.05,136.81,4.07M,-1.32%
ALAB,Astera Labs Inc,11/19/2025,142.01,139.53,144.71,137.8,4.22M,1.78%
ALAB,Astera Labs Inc,11/20/2025,139.29,154.48,160.77,137.55,10.31M,-1.92%
ALAB,Astera Labs Inc,11/21/2025,141.8,138.6,143.92,131.42,6.83M,1.80%
ALAB,Astera Labs Inc,11/24/2025,147.75,145.73,151.61,145,13.44M,4.20%
ALAB,Astera Labs Inc,11/25/2025,144.78,143.51,145.34,136.54,4.27M,-2.01%
ALAB,Astera Labs Inc,11/26/2025,154.22,145.61,156.68,144.04,5.19M,6.52%
ALAB,Astera Labs Inc,11/28/2025,157.57,157.09,158.42,152.33,2.42M,2.17%
ALAB,Astera Labs Inc,12/1/2025,165.19,155.62,173.2,152.81,7.60M,4.84%
ALAB,Astera Labs Inc,12/2/2025,142.94,172.31,182.53,142.51,17.80M,-13.47%
ALAB,Astera Labs Inc,12/3/2025,152.5,150.32,153.6,144.67,7.77M,6.69%
ALAB,Astera Labs Inc,12/4/2025,152.51,150.99,154,147,3.81M,0.01%
ALAB,Astera Labs Inc,12/5/2025,161.23,154.85,163.12,154.14,4.41M,5.72%
ALAB,Astera Labs Inc,12/8/2025,175.74,162.9,176.65,161.55,8.03M,9.00%
ALAB,Astera Labs Inc,12/9/2025,167.08,164.09,171.71,163.51,5.02M,-4.93%
ALAB,Astera Labs Inc,12/10/2025,164.32,166.57,167.2,162.61,2.95M,-1.65%
ALAB,Astera Labs Inc,12/11/2025,173.7,161.63,174.4,153.25,5.54M,5.71%
ALAB,Astera Labs Inc,12/12/2025,148.85,172.49,172.49,146.88,10.32M,-14.31%
ALAB,Astera Labs Inc,12/15/2025,143.66,150.5,152.19,143.08,5.50M,-3.49%
ALAB,Astera Labs Inc,12/16/2025,144.94,141.55,147.25,140.61,3.55M,0.89%
ALAB,Astera Labs Inc,12/17/2025,140.24,149.77,152.76,140.1,4.51M,-3.24%
ALAB,Astera Labs Inc,12/18/2025,145.88,144.99,148.88,143.68,3.37M,4.02%
ALAB,Astera Labs Inc,12/19/2025,164.4,145.96,166.93,145.96,9.63M,12.70%
ALAB,Astera Labs Inc,12/22/2025,172.62,166.92,175.39,166.51,4.82M,5.00%
ALAB,Astera Labs Inc,12/23/2025,168.83,166.75,171.83,164.55,2.51M,-2.20%
ALAB,Astera Labs Inc,12/24/2025,169.97,169.02,172.33,167.52,1.28M,0.68%
ALAB,Astera Labs Inc,12/26/2025,167.26,172.13,172.88,166.1,2.09M,-1.59%
ALAB,Astera Labs Inc,12/29/2025,170.1,163.85,170.61,160.8,1.94M,1.70%
ALAB,Astera Labs Inc,12/30/2025,170.84,170.52,175.98,167.5,2.40M,0.43%
ALAB,Astera Labs Inc,12/31/2025,166.36,170.5,174.22,166.3,2.44M,-2.62%
ALAB,Astera Labs Inc,1/2/2026,179.56,171.68,182.9,171.68,5.66M,7.93%
ALAB,Astera Labs Inc,1/5/2026,167.11,184.98,185.18,162.53,7.58M,-6.93%
ALAB,Astera Labs Inc,1/6/2026,161.01,166.51,166.89,151.1,8.03M,-3.65%
ALAB,Astera Labs Inc,1/7/2026,165.77,158,168.49,153.2,5.05M,2.96%
ALAB,Astera Labs Inc,1/8/2026,156.73,164.97,167.8,155.55,3.94M,-5.45%
ALAB,Astera Labs Inc,1/9/2026,162.61,158.06,164.5,155.64,4.09M,3.75%
ALAB,Astera Labs Inc,1/12/2026,172.57,160.44,175.8,160.25,4.44M,6.13%
ALAB,Astera Labs Inc,1/13/2026,180.56,175,183.5,172.8,4.46M,4.63%
ALAB,Astera Labs Inc,1/14/2026,172.14,176.05,176.05,167.1,3.62M,-4.66%
ALAB,Astera Labs Inc,1/15/2026,174.45,176.61,180.66,170.46,3.91M,1.34%
ALAB,Astera Labs Inc,1/16/2026,182,179.09,188,177.71,5.42M,4.33%
ALAB,Astera Labs Inc,1/20/2026,183.75,173.37,189.8,173.02,5.30M,0.96%
ALAB,Astera Labs Inc,1/21/2026,176.01,184.88,184.88,165.3,6.69M,-4.21%
ALAB,Astera Labs Inc,1/22/2026,176.35,180.6,182.01,170.54,4.01M,0.20%
ALAB,Astera Labs Inc,1/23/2026,169.66,177.21,178,163.53,6.11M,-3.79%
ALAB,Astera Labs Inc,1/26/2026,163.25,168.13,173.52,162.73,4.03M,-3.78%
ALAB,Astera Labs Inc,1/27/2026,170.93,164.36,171.69,160.98,3.39M,4.70%
ALAB,Astera Labs Inc,1/28/2026,167.9,172.48,176.68,165.37,3.80M,-1.77%
ALAB,Astera Labs Inc,1/29/2026,160.46,166.6,167.29,154.05,4.38M,-4.43%
ALAB,Astera Labs Inc,1/30/2026,150.62,158.81,161.17,149.13,4.28M,-6.13%
ALAB,Astera Labs Inc,2/2/2026,152.44,148,153.64,146.76,3.13M,1.21%
ALAB,Astera Labs Inc,2/3/2026,158.52,155.78,163,150.5,5.29M,3.99%
ALAB,Astera Labs Inc,2/4/2026,144.67,158.5,159.5,141.44,5.74M,-8.74%
ALAB,Astera Labs Inc,2/5/2026,142.82,140.01,145.65,137.5,4.48M,-1.28%
ALAB,Astera Labs Inc,2/6/2026,169.85,152.43,170.01,151.42,7.29M,18.93%
ALAB,Astera Labs Inc,2/9/2026,187.67,169.58,188.43,169,7.42M,10.49%
ALAB,Astera Labs Inc,2/10/2026,182.86,191.6,192.86,181.01,8.43M,-2.56%
ALAB,Astera Labs Inc,2/11/2026,143.71,160.76,162,141.66,16.42M,-21.41%
ALAB,Astera Labs Inc,2/12/2026,126.58,146.08,148.8,126.05,11.44M,-11.92%
ALAB,Astera Labs Inc,2/13/2026,129.32,128,133.29,122.57,7.74M,2.16%
ALAB,Astera Labs Inc,2/17/2026,123.69,126.34,126.65,117.41,7.11M,-4.35%
ALAB,Astera Labs Inc,2/18/2026,129.58,124.56,131.67,122.81,4.36M,4.76%
ALAB,Astera Labs Inc,2/19/2026,132.62,128.7,133.2,127.4,2.90M,2.35%
ALAB,Astera Labs Inc,2/20/2026,129.68,130.31,135.2,128.26,3.64M,-2.22%
ALAB,Astera Labs Inc,2/23/2026,128.24,127.23,128.56,123.45,3.02M,-1.11%
ALAB,Astera Labs Inc,2/24/2026,128.4,129.69,131.48,126.5,2.89M,0.12%
ALAB,Astera Labs Inc,2/25/2026,128.15,128.25,129,121.74,5.33M,-0.19%
ALAB,Astera Labs Inc,2/26/2026,124.67,126.8,127.29,120.96,3.80M,-2.72%
ALAB,Astera Labs Inc,2/27/2026,118.83,122.66,124,117.5,5.16M,-4.68%
ALAB,Astera Labs Inc,3/2/2026,120.55,112.97,121.33,112.13,4.65M,1.45%
ALAB,Astera Labs Inc,3/3/2026,109.8,115.02,115.24,107.08,5.90M,-8.92%
ALAB,Astera Labs Inc,3/4/2026,113.77,111.93,116.71,109.2,5.44M,3.62%
ALAB,Astera Labs Inc,3/5/2026,120,119.54,124.19,117.38,6.44M,5.48%
ALAB,Astera Labs Inc,3/6/2026,119.2,116.86,124.45,115.67,4.43M,-0.67%
ALAB,Astera Labs Inc,3/9/2026,122.31,115.73,122.34,111.76,5.94M,2.61%
ALAB,Astera Labs Inc,3/10/2026,116.48,122.02,123,115.83,4.28M,-4.77%
ALAB,Astera Labs Inc,3/11/2026,124.71,116,128.15,116,5.40M,7.07%
ALAB,Astera Labs Inc,3/12/2026,119.9,123.11,124.3,118.05,3.62M,-3.86%
ALAB,Astera Labs Inc,3/13/2026,120.31,121.28,123.15,117.26,3.45M,0.34%
ALAB,Astera Labs Inc,3/16/2026,127.48,123,130.14,122.48,4.61M,5.96%
ALAB,Astera Labs Inc,3/17/2026,127.57,130,135.18,124.86,5.94M,0.07%
ALAB,Astera Labs Inc,3/18/2026,126.34,127.06,129.43,123.01,3.84M,-0.96%
ALAB,Astera Labs Inc,3/19/2026,126.16,123.22,127.43,119.64,4.17M,-0.14%
ALAB,Astera Labs Inc,3/20/2026,116.04,124.39,124.63,114.75,8.69M,-8.02%
ALAB,Astera Labs Inc,3/23/2026,123.87,117.5,125.1,117.37,4.05M,6.75%
ALAB,Astera Labs Inc,3/24/2026,121.76,122.54,124.14,118.6,2.68M,-1.70%
ALAB,Astera Labs Inc,3/25/2026,120.33,124.66,126.53,119.33,2.73M,-1.17%
ALAB,Astera Labs Inc,3/26/2026,113.61,117.17,119.84,113.57,3.10M,-5.59%
ALAB,Astera Labs Inc,3/27/2026,112.47,111,114.63,110.84,2.87M,-1.00%
ALAB,Astera Labs Inc,3/30/2026,100.27,112.71,113.11,97.89,5.17M,-10.85%
ALAB,Astera Labs Inc,3/31/2026,109.6,100.69,110.44,100.1,5.10M,9.30%
ALAB,Astera Labs Inc,4/1/2026,106.33,111.21,112,105.86,4.78M,-2.98%
ALAB,Astera Labs Inc,4/2/2026,117.14,101.68,117.31,101.53,4.50M,10.17%
ALAB,Astera Labs Inc,4/6/2026,117.99,116.85,122.47,116.72,2.73M,0.73%
ALAB,Astera Labs Inc,4/7/2026,118.99,117.28,119.69,114.84,4.45M,0.85%
ALAB,Astera Labs Inc,4/8/2026,125.46,128,130,121.92,4.11M,5.44%
ALAB,Astera Labs Inc,4/9/2026,129.46,125.89,129.68,123.5,3.77M,3.19%
ALAB,Astera Labs Inc,4/10/2026,149.05,134.73,151.38,134.52,10.91M,15.13%
ALAB,Astera Labs Inc,4/13/2026,166.79,152.01,167.39,150.3,10.04M,11.91%
ALAB,Astera Labs Inc,4/14/2026,170.6,165.48,171.92,158.5,7.66M,2.28%
ALAB,Astera Labs Inc,4/15/2026,172.09,170.89,175.6,165.94,5.06M,0.87%
ALAB,Astera Labs Inc,4/16/2026,170.81,173,173.58,161.05,4.53M,-0.74%
ALAB,Astera Labs Inc,4/17/2026,174.05,173.78,175.05,167.24,5.17M,1.90%
ALAB,Astera Labs Inc,4/20/2026,175.8,174.4,176.97,168.2,4.18M,1.01%
ALAB,Astera Labs Inc,4/21/2026,191.97,188.75,196.77,183.5,10.88M,9.20%
ALAB,Astera Labs Inc,4/22/2026,194.06,199.07,200.21,187.24,6.14M,1.09%
ALAB,Astera Labs Inc,4/23/2026,197.54,190.1,204.49,190.1,5.40M,1.79%
ALAB,Astera Labs Inc,4/24/2026,212.84,203.24,214.24,202.62,6.66M,7.75%
ALAB,Astera Labs Inc,4/27/2026,196.64,209.66,210.92,193.21,5.42M,-7.61%
ALAB,Astera Labs Inc,4/28/2026,183.31,181.2,190.1,179.54,4.97M,-6.78%
ALAB,Astera Labs Inc,4/29/2026,196.85,187.45,196.97,181.88,4.96M,7.39%
ALAB,Astera Labs Inc,4/30/2026,194.74,199.68,200.46,184.21,5.15M,-1.07%
ALAB,Astera Labs Inc,5/1/2026,202.68,195.98,205.1,192.59,4.34M,4.08%
ALAB,Astera Labs Inc,5/4/2026,201.25,204.04,209.38,199.81,4.16M,-0.71%
ALAB,Astera Labs Inc,5/5/2026,215.69,207.43,220.79,207.32,8.14M,7.18%
ALAB,Astera Labs Inc,5/6/2026,213.91,229.75,231.73,202.18,8.55M,-0.83%
ALAB,Astera Labs Inc,5/7/2026,195.65,212.56,213.49,192.33,6.55M,-8.54%
ALAB,Astera Labs Inc,5/8/2026,199.79,202,203.5,189.69,4.61M,2.12%
ALAB,Astera Labs Inc,5/11/2026,207.35,196.36,208.36,195.88,5.62M,3.78%
ALAB,Astera Labs Inc,5/12/2026,204.42,202.35,214.41,192.6,5.05M,-1.41%
ALAB,Astera Labs Inc,5/13/2026,224.09,206.98,224.76,204.55,6.42M,9.62%
ALAB,Astera Labs Inc,5/14/2026,228.64,224.83,230.33,215.8,4.61M,2.03%
ALAB,Astera Labs Inc,5/15/2026,232.68,216.5,239.76,210.42,5.94M,1.77%
ALAB,Astera Labs Inc,5/18/2026,215.58,236.19,236.7,210.02,6.16M,-7.35%
ALAB,Astera Labs Inc,5/19/2026,244.26,212.96,255.96,210.55,9.43M,13.30%
ALAB,Astera Labs Inc,5/20/2026,287.48,251.41,287.7,250.44,10.29M,17.69%
ALAB,Astera Labs Inc,5/21/2026,297.84,285.1,298.36,281.91,7.00M,3.60%
ALAB,Astera Labs Inc,5/22/2026,306.88,300,315.81,299.94,6.53M,3.04%
ALAB,Astera Labs Inc,5/26/2026,318.72,315,321.99,290.5,8.11M,3.86%
ALAB,Astera Labs Inc,5/27/2026,325.33,323.5,326.97,305.73,5.14M,2.07%
ALAB,Astera Labs Inc,5/28/2026,349.17,334.08,354.53,326.66,5.59M,7.33%
ALAB,Astera Labs Inc,5/29/2026,342.85,348,350.87,329.61,5.99M,-1.81%
ALAB,Astera Labs Inc,6/1/2026,320.09,328.12,333.43,316,5.56M,-6.64%
ALAB,Astera Labs Inc,6/2/2026,355.76,324.62,356.39,322.47,5.57M,11.14%
ALAB,Astera Labs Inc,6/3/2026,363.54,363.55,372.37,337,5.31M,2.19%
ALAB,Astera Labs Inc,6/4/2026,358.05,348.05,365.23,338.02,3.79M,-1.51%
ALAB,Astera Labs Inc,6/5/2026,317.06,342.75,349,314.84,7.32M,-11.45%
ALAB,Astera Labs Inc,6/8/2026,346.33,330.5,353.79,328.01,5.05M,9.23%
ALAB,Astera Labs Inc,6/9/2026,341.7,354.51,372.14,303,7.38M,-1.34%
ALAB,Astera Labs Inc,6/10/2026,330.86,334.01,360.78,329.4,5.90M,-3.17%
ALAB,Astera Labs Inc,6/11/2026,367.47,339.88,367.88,339.25,5.73M,11.07%
ALAB,Astera Labs Inc,6/12/2026,367.15,379.74,390.99,360.06,5.38M,-0.09%
ALAB,Astera Labs Inc,6/15/2026,389.2,382.5,398.13,364.41,5.33M,6.01%
ALAB,Astera Labs Inc,6/16/2026,361.71,383.64,397.66,360.89,5.94M,-7.06%
ALAB,Astera Labs Inc,6/17/2026,374.68,377.82,393.79,370.01,5.12M,3.59%
ALAB,Astera Labs Inc,6/18/2026,417.07,384.73,421.2,384.73,22.61M,11.31%
ALAB,Astera Labs Inc,6/22/2026,439.66,425.61,440.99,412.27,5.58M,5.42%
ALAB,Astera Labs Inc,6/23/2026,397.02,399.43,419.62,392.89,6.48M,-9.70%
ALAB,Astera Labs Inc,6/24/2026,399.92,401.72,421.7,385.12,4.06M,0.73%
ALAB,Astera Labs Inc,6/25/2026,398,422.6,429.91,386.65,4.96M,-0.48%
ALAB,Astera Labs Inc,6/26/2026,391.74,382.45,396.27,372.5,6.56M,-1.57%
ALAB,Astera Labs Inc,6/29/2026,455.96,403.08,456.76,381.48,6.33M,16.39%
ALAB,Astera Labs Inc,6/30/2026,483.02,458.13,499.48,457.19,6.07M,5.93%
ALAB,Astera Labs Inc,7/1/2026,430.86,468,468.07,428.83,5.83M,-10.80%
ALAB,Astera Labs Inc,7/2/2026,406.42,433.04,465.93,390.01,7.26M,-5.67%
ALAB,Astera Labs Inc,7/6/2026,432.74,417.32,453.8,411,4.12M,6.48%
ALAB,Astera Labs Inc,7/7/2026,382.89,403.15,417.46,366.66,7.18M,-11.52%
ALAB,Astera Labs Inc,7/8/2026,393.16,380.69,400.66,374.52,3.47M,2.68%
ALAB,Astera Labs Inc,7/9/2026,417.45,417.86,436.47,412.27,3.79M,6.18%
ALAB,Astera Labs Inc,7/10/2026,412.97,409.38,421.42,401.62,2.16M,-1.07%
ALAB,Astera Labs Inc,7/13/2026,362.05,403.51,403.51,350.1,6.29M,-12.33%
ALAB,Astera Labs Inc,7/14/2026,361.78,392.03,392.2,360.7,3.28M,-0.07%
ALAB,Astera Labs Inc,7/15/2026,350.62,371.57,371.57,336.01,3.38M,-3.08%
ALAB,Astera Labs Inc,7/16/2026,319.74,337.02,338.95,313.63,4.69M,-8.81%
ALAB,Astera Labs Inc,7/17/2026,303.62,304.17,314.75,289.6,7.24M,-5.04%
ALAB,Astera Labs Inc,7/20/2026,309.09,309.39,322.67,307.4,2.95M,1.80%
ALAB,Astera Labs Inc,7/21/2026,319.79,326.55,331.23,313.85,3.89M,3.46%
ALAB,Astera Labs Inc,7/22/2026,330.89,308.28,338.86,307,3.10M,3.47%
ALAB,Astera Labs Inc,7/23/2026,326.97,327,342.3,318.7,2.81M,-1.19%
ALAB,Astera Labs Inc,7/24/2026,291.58,317.31,319.51,290.1,4.28M,-10.82%
ALAB,Astera Labs Inc,7/27/2026,282.52,295,299.23,267.74,4.12M,-3.11%
ALAB,Astera Labs Inc,7/28/2026,260.23,266.99,268.65,251.17,4.76M,-7.89%
ALAB,Astera Labs Inc,7/29/2026,249.74,260.24,273.8,244.61,5.37M,-4.03%
ALAB,Astera Labs Inc,7/30/2026,299.69,282.17,300.1,273.01,6.35M,20.00%
ALAB,Astera Labs Inc,7/31/2026,311.23,328.32,342,305,5.33M,3.85%
ALAB,Astera Labs Inc,8/3/2026,321.05,297.5,330.48,285.68,4.14M,3.16%
ALAB,Astera Labs Inc,8/4/2026,361.67,346.02,367.85,340.02,10.06M,12.65%
ALAB,Astera Labs Inc,8/5/2026,318.43,348.36,356,315.11,9.29M,-11.96%
ALAB,Astera Labs Inc,8/6/2026,331.5,313.09,344.88,308,4.94M,4.10%
ALAB,Astera Labs Inc,8/7/2026,334.17,340.02,350.88,329,3.55M,0.81%
ALAB,Astera Labs Inc,8/10/2026,317.23,337.79,343,316.78,3.36M,-5.07%
ALAB,Astera Labs Inc,8/11/2026,311.99,324.32,324.32,306.5,2.71M,-1.65%
ALAB,Astera Labs Inc,8/12/2026,318.8,334.49,337.05,318.2,4.45M,2.18%
ALAB,Astera Labs Inc,8/13/2026,322.78,313.05,332.88,310,3.34M,1.25%
ALAB,Astera Labs Inc,8/14/2026,321.61,322.79,326.3,311.6,2.52M,-0.36%
ALAB,Astera Labs Inc,8/17/2026,320.17,344.95,354,319.27,5.70M,-0.45%
ALAB,Astera Labs Inc,8/18/2026,303.44,304,311.95,293.02,5.11M,-5.23%
ALAB,Astera Labs Inc,8/19/2026,289.02,304.03,308.38,278.17,4.23M,-4.75%
ALAB,Astera Labs Inc,8/20/2026,290.52,289.99,293,281.72,2.60M,0.52%
ALAB,Astera Labs Inc,8/21/2026,284.97,293.8,296.88,277.3,3.01M,-1.91%
ALAB,Astera Labs Inc,8/24/2026,277.53,271.69,279.83,266.31,3.69M,-2.61%
ALAB,Astera Labs Inc,8/25/2026,282.65,285.94,289.6,279.79,1.81M,1.84%
ALAB,Astera Labs Inc,8/26/2026,290.3,282.62,290.63,280,1.93M,2.71%
ALAB,Astera Labs Inc,8/27/2026,304.09,297.16,310.14,296.8,2.75M,4.75%
ALAB,Astera Labs Inc,8/28/2026,289.47,297.17,301.04,287.01,2.64M,-4.81%
ALAB,Astera Labs Inc,8/31/2026,296.98,292.46,297.95,290.38,2.35M,2.59%
ALAB,Astera Labs Inc,9/1/2026,279.91,287.35,288.99,276.68,3.44M,-5.75%
ALAB,Astera Labs Inc,9/2/2026,274.13,274.84,278.63,267.01,2.85M,-2.06%
ALAB,Astera Labs Inc,9/3/2026,282.82,270.01,283.17,262.45,2.79M,3.17%
ALAB,Astera Labs Inc,9/4/2026,310.4,286,321.65,285.84,6.54M,9.75%
ALAB,Astera Labs Inc,9/8/2026,288.85,303.99,312.24,286.97,5.72M,-6.94%
ALAB,Astera Labs Inc,9/9/2026,300.54,286.12,309.67,286.11,3.15M,4.05%
ALAB,Astera Labs Inc,9/10/2026,284.53,287.73,294.87,280.53,3.23M,-5.33%
ALAB,Astera Labs Inc,9/11/2026,291.22,292.27,297.61,286.9,2.31M,2.35%
ALAB,Astera Labs Inc,9/14/2026,257.04,269.25,272.27,256.51,6.45M,-11.74%
ALAB,Astera Labs Inc,9/15/2026,252.54,259.45,263.56,251.63,3.02M,-1.75%
ALAB,Astera Labs Inc,9/16/2026,269.18,255.23,271.99,255.1,3.61M,6.59%
ALAB,Astera Labs Inc,9/17/2026,293.56,279.09,293.92,278.25,4.18M,9.06%
ALAB,Astera Labs Inc,9/18/2026,303.25,300.02,303.95,293.48,7.07M,3.30%
ALAB,Astera Labs Inc,9/21/2026,340.74,309.2,343,308.34,6.15M,12.36%
ALAB,Astera Labs Inc,9/22/2026,363.46,335,369.15,335,5.46M,6.67%
ALAB,Astera Labs Inc,9/23/2026,360.46,364.31,367.87,351.38,3.31M,-0.83%
ALAB,Astera Labs Inc,9/24/2026,360.51,350.4,367.72,348.35,3.41M,0.01%
ALAB,Astera Labs Inc,9/25/2026,364.62,366,377.87,356.2,3.07M,1.14%
ALAB,Astera Labs Inc,9/28/2026,351.31,356.32,367.68,342,4.08M,-3.65%
ALAB,Astera Labs Inc,9/29/2026,357.84,352.18,366.7,349,2.69M,1.86%
CRWD,CrowdStrike Holdings Inc,9/2/2025,103.38,104.28,104.5,101.92,15.05M,-2.41%
CRWD,CrowdStrike Holdings Inc,9/3/2025,103.3,103.25,103.62,101.07,12.15M,-0.07%
CRWD,CrowdStrike Holdings Inc,9/4/2025,103.11,103.3,103.87,100.67,11.05M,-0.18%
CRWD,CrowdStrike Holdings Inc,9/5/2025,104.41,103.52,104.53,101.76,8.68M,1.25%
CRWD,CrowdStrike Holdings Inc,9/8/2025,107.01,104.75,107.21,104.11,10.18M,2.50%
CRWD,CrowdStrike Holdings Inc,9/9/2025,105.88,107.04,107.75,105.16,8.51M,-1.06%
CRWD,CrowdStrike Holdings Inc,9/10/2025,106.22,106.89,108.45,105.54,9.12M,0.32%
CRWD,CrowdStrike Holdings Inc,9/11/2025,108.35,107.06,109.56,106.78,9.65M,2.00%
CRWD,CrowdStrike Holdings Inc,9/12/2025,109.03,108.85,110.75,108.75,11.06M,0.63%
CRWD,CrowdStrike Holdings Inc,9/15/2025,111.19,110.39,112.22,109.19,11.52M,1.99%
CRWD,CrowdStrike Holdings Inc,9/16/2025,111.25,111.2,112.08,108.7,11.63M,0.05%
CRWD,CrowdStrike Holdings Inc,9/17/2025,111.38,111.25,113.5,108.58,15.49M,0.12%
CRWD,CrowdStrike Holdings Inc,9/18/2025,125.66,117.23,126.06,115.53,40.48M,12.82%
CRWD,CrowdStrike Holdings Inc,9/19/2025,125.64,124.75,126.8,123.95,28.37M,-0.02%
CRWD,CrowdStrike Holdings Inc,9/22/2025,123.29,124,125.07,121.58,15.50M,-1.87%
CRWD,CrowdStrike Holdings Inc,9/23/2025,121.03,123.29,123.76,120.28,10.94M,-1.83%
CRWD,CrowdStrike Holdings Inc,9/24/2025,119.08,120.6,121.74,118.62,8.87M,-1.61%
CRWD,CrowdStrike Holdings Inc,9/25/2025,118.27,119.22,120.39,117.25,10.86M,-0.68%
CRWD,CrowdStrike Holdings Inc,9/26/2025,120.36,118.03,120.93,117.57,9.44M,1.76%
CRWD,CrowdStrike Holdings Inc,9/29/2025,122.11,121.61,122.63,120.66,8.79M,1.46%
CRWD,CrowdStrike Holdings Inc,9/30/2025,122.6,121.61,122.72,119.81,9.15M,0.40%
CRWD,CrowdStrike Holdings Inc,10/1/2025,124.99,121.94,125.21,121.34,10.05M,1.95%
CRWD,CrowdStrike Holdings Inc,10/2/2025,124.2,125.31,125.57,123.09,10.36M,-0.63%
CRWD,CrowdStrike Holdings Inc,10/3/2025,122.47,124.96,125.47,121.57,7.93M,-1.39%
CRWD,CrowdStrike Holdings Inc,10/6/2025,123.99,123.88,125.88,123.6,7.80M,1.24%
CRWD,CrowdStrike Holdings Inc,10/7/2025,121.15,124.25,124.46,119.13,11.43M,-2.28%
CRWD,CrowdStrike Holdings Inc,10/8/2025,127.49,122.94,127.5,122.58,14.47M,5.23%
CRWD,CrowdStrike Holdings Inc,10/9/2025,127.28,127.49,127.86,125.47,8.82M,-0.16%
CRWD,CrowdStrike Holdings Inc,10/10/2025,123.42,127.25,129.35,123.32,12.57M,-3.04%
CRWD,CrowdStrike Holdings Inc,10/13/2025,127.15,125.29,127.79,124.38,9.36M,3.03%
CRWD,CrowdStrike Holdings Inc,10/14/2025,122.24,125.02,125.14,121.9,11.07M,-3.87%
CRWD,CrowdStrike Holdings Inc,10/15/2025,122.25,123.5,123.88,121.19,6.92M,0.02%
CRWD,CrowdStrike Holdings Inc,10/16/2025,120.56,122.43,124.58,118.85,8.70M,-1.39%
CRWD,CrowdStrike Holdings Inc,10/17/2025,121.16,119.5,121.5,118.86,7.71M,0.50%
CRWD,CrowdStrike Holdings Inc,10/20/2025,125.9,121.63,126.11,121.61,11.28M,3.91%
CRWD,CrowdStrike Holdings Inc,10/21/2025,125.99,125.31,126.9,124.59,5.76M,0.07%
CRWD,CrowdStrike Holdings Inc,10/22/2025,125.03,125.67,126.34,122.92,6.73M,-0.76%
CRWD,CrowdStrike Holdings Inc,10/23/2025,130.49,125,130.61,125,12.59M,4.37%
CRWD,CrowdStrike Holdings Inc,10/24/2025,131.83,132.2,133.88,130.47,10.20M,1.02%
CRWD,CrowdStrike Holdings Inc,10/27/2025,132.43,133.13,133.59,131.31,7.73M,0.45%
CRWD,CrowdStrike Holdings Inc,10/28/2025,136.74,134.2,138.41,133.99,13.47M,3.25%
CRWD,CrowdStrike Holdings Inc,10/29/2025,136.38,135.25,137.25,133.32,7.12M,-0.26%
CRWD,CrowdStrike Holdings Inc,10/30/2025,134.67,135.78,137.49,133.53,7.82M,-1.25%
CRWD,CrowdStrike Holdings Inc,10/31/2025,135.75,135.6,137.37,134.32,7.49M,0.80%
CRWD,CrowdStrike Holdings Inc,11/3/2025,137.98,137.33,138.95,136.27,7.64M,1.64%
CRWD,CrowdStrike Holdings Inc,11/4/2025,133.48,134.95,137.37,132.77,10.02M,-3.26%
CRWD,CrowdStrike Holdings Inc,11/5/2025,133.54,132.97,133.8,131.5,6.58M,0.04%
CRWD,CrowdStrike Holdings Inc,11/6/2025,133.13,131.67,135,129.27,12.40M,-0.30%
CRWD,CrowdStrike Holdings Inc,11/7/2025,134.95,131.66,135.57,129.77,9.71M,1.37%
CRWD,CrowdStrike Holdings Inc,11/10/2025,139.38,136.96,139.74,136.06,8.66M,3.28%
CRWD,CrowdStrike Holdings Inc,11/11/2025,139.18,138.8,139.63,137.8,5.42M,-0.14%
CRWD,CrowdStrike Holdings Inc,11/12/2025,136.46,140.27,141.73,136.25,7.97M,-1.95%
CRWD,CrowdStrike Holdings Inc,11/13/2025,132.45,135.25,135.96,131.54,9.62M,-2.95%
CRWD,CrowdStrike Holdings Inc,11/14/2025,134.39,130.62,136.01,127.26,7.77M,1.47%
CRWD,CrowdStrike Holdings Inc,11/17/2025,132.45,134.25,135.17,131.65,5.58M,-1.45%
CRWD,CrowdStrike Holdings Inc,11/18/2025,128.42,131.21,132.83,128.25,10.29M,-3.04%
CRWD,CrowdStrike Holdings Inc,11/19/2025,130.15,128.34,131.49,127.32,6.09M,1.35%
CRWD,CrowdStrike Holdings Inc,11/20/2025,125.33,133.14,134.83,125.03,9.93M,-3.70%
CRWD,CrowdStrike Holdings Inc,11/21/2025,122.67,124.48,125.25,119.39,12.25M,-2.12%
CRWD,CrowdStrike Holdings Inc,11/24/2025,126.71,124.54,127.3,123.51,10.60M,3.29%
CRWD,CrowdStrike Holdings Inc,11/25/2025,128.09,125.93,128.43,123.25,6.61M,1.09%
CRWD,CrowdStrike Holdings Inc,11/26/2025,125.39,128.25,128.75,124.25,8.86M,-2.11%
CRWD,CrowdStrike Holdings Inc,11/28/2025,127.29,126.34,127.67,125.49,4.08M,1.52%
CRWD,CrowdStrike Holdings Inc,12/1/2025,126.03,125.8,126.68,123.75,8.23M,-0.99%
CRWD,CrowdStrike Holdings Inc,12/2/2025,129.14,128.37,130.25,126.75,20.22M,2.46%
CRWD,CrowdStrike Holdings Inc,12/3/2025,131.04,124.5,131.25,121.57,22.32M,1.48%
CRWD,CrowdStrike Holdings Inc,12/4/2025,128.28,130.98,131.32,127.57,9.91M,-2.11%
CRWD,CrowdStrike Holdings Inc,12/5/2025,128.01,129.04,131.72,127.08,10.52M,-0.21%
CRWD,CrowdStrike Holdings Inc,12/8/2025,128.8,128.25,130.07,127.22,6.64M,0.62%
CRWD,CrowdStrike Holdings Inc,12/9/2025,129.49,128.06,132.47,127.93,8.14M,0.54%
CRWD,CrowdStrike Holdings Inc,12/10/2025,129.88,129,130.4,126.14,9.44M,0.30%
CRWD,CrowdStrike Holdings Inc,12/11/2025,129.41,129.17,132.05,128.13,8.01M,-0.36%
CRWD,CrowdStrike Holdings Inc,12/12/2025,126.19,129.1,129.36,124.69,10.71M,-2.49%
CRWD,CrowdStrike Holdings Inc,12/15/2025,121.87,127.25,127.25,121.86,8.74M,-3.43%
CRWD,CrowdStrike Holdings Inc,12/16/2025,122.13,121.62,122.86,120.5,7.03M,0.22%
CRWD,CrowdStrike Holdings Inc,12/17/2025,117.5,122.35,122.61,117.46,9.27M,-3.79%
CRWD,CrowdStrike Holdings Inc,12/18/2025,119.32,119.93,120.51,118.48,7.34M,1.54%
CRWD,CrowdStrike Holdings Inc,12/19/2025,120.32,120,122.3,119.66,18.65M,0.84%
CRWD,CrowdStrike Holdings Inc,12/22/2025,120.79,119.94,121.47,118.71,9.21M,0.39%
CRWD,CrowdStrike Holdings Inc,12/23/2025,119.71,120.62,120.9,118.38,8.21M,-0.89%
CRWD,CrowdStrike Holdings Inc,12/24/2025,119.28,119.21,119.5,117.67,2.98M,-0.36%
CRWD,CrowdStrike Holdings Inc,12/26/2025,120.3,119.25,120.54,118.79,4.60M,0.86%
CRWD,CrowdStrike Holdings Inc,12/29/2025,118.98,119.57,120.82,118.66,5.26M,-1.10%
CRWD,CrowdStrike Holdings Inc,12/30/2025,118.91,119,119.53,118.06,4.67M,-0.06%
CRWD,CrowdStrike Holdings Inc,12/31/2025,117.19,119,119.01,117.1,6.64M,-1.44%
CRWD,CrowdStrike Holdings Inc,1/2/2026,113.39,118.5,118.5,112.36,13.30M,-3.24%
CRWD,CrowdStrike Holdings Inc,1/5/2026,114.14,114.66,116.62,113.75,10.46M,0.65%
CRWD,CrowdStrike Holdings Inc,1/6/2026,114.58,114.44,115.11,112.82,9.36M,0.39%
CRWD,CrowdStrike Holdings Inc,1/7/2026,119.73,115.74,121.64,115.57,15.87M,4.49%
CRWD,CrowdStrike Holdings Inc,1/8/2026,115.97,119.55,120,115.16,9.82M,-3.14%
CRWD,CrowdStrike Holdings Inc,1/9/2026,117.65,118.05,119,116.56,9.59M,1.45%
CRWD,CrowdStrike Holdings Inc,1/12/2026,116.75,115.06,117.15,114.91,7.76M,-0.77%
CRWD,CrowdStrike Holdings Inc,1/13/2026,117,116.75,119.14,115.24,10.77M,0.22%
CRWD,CrowdStrike Holdings Inc,1/14/2026,115.18,116.45,119.25,112.94,15.02M,-1.56%
CRWD,CrowdStrike Holdings Inc,1/15/2026,113.75,115.99,118.08,112.5,11.34M,-1.24%
CRWD,CrowdStrike Holdings Inc,1/16/2026,113.47,114.19,114.93,110.9,13.75M,-0.25%
CRWD,CrowdStrike Holdings Inc,1/20/2026,110.68,110.76,112.57,110.06,12.93M,-2.46%
CRWD,CrowdStrike Holdings Inc,1/21/2026,111.47,111.25,114.03,109.79,10.75M,0.71%
CRWD,CrowdStrike Holdings Inc,1/22/2026,113.44,113.61,113.62,111.57,6.06M,1.77%
CRWD,CrowdStrike Holdings Inc,1/23/2026,113.12,113.67,114.71,112.36,7.08M,-0.28%
CRWD,CrowdStrike Holdings Inc,1/26/2026,117.08,113.5,117.49,113.12,7.83M,3.50%
CRWD,CrowdStrike Holdings Inc,1/27/2026,119.17,119.62,121.8,118.35,11.34M,1.78%
CRWD,CrowdStrike Holdings Inc,1/28/2026,117.3,119.86,121.75,117.23,9.53M,-1.57%
CRWD,CrowdStrike Holdings Inc,1/29/2026,111.15,115.18,115.39,107.85,20.92M,-5.24%
CRWD,CrowdStrike Holdings Inc,1/30/2026,110.35,110.13,112.18,109.56,10.38M,-0.72%
CRWD,CrowdStrike Holdings Inc,2/2/2026,109.71,110,111.81,108.69,8.29M,-0.58%
CRWD,CrowdStrike Holdings Inc,2/3/2026,105.43,108.98,109.18,103.76,15.34M,-3.90%
CRWD,CrowdStrike Holdings Inc,2/4/2026,103.84,102.99,105.5,100.39,18.93M,-1.51%
CRWD,CrowdStrike Holdings Inc,2/5/2026,94.29,103.7,104.07,93.63,24.21M,-9.20%
CRWD,CrowdStrike Holdings Inc,2/6/2026,98.88,96.24,99.25,94.59,19.77M,4.86%
CRWD,CrowdStrike Holdings Inc,2/9/2026,102.01,99.05,102.69,96.56,11.30M,3.17%
CRWD,CrowdStrike Holdings Inc,2/10/2026,103.35,100.3,104.72,100.19,12.49M,1.31%
CRWD,CrowdStrike Holdings Inc,2/11/2026,103.95,103.43,104.15,101.1,9.88M,0.59%
CRWD,CrowdStrike Holdings Inc,2/12/2026,102.89,104.72,105.17,100.57,14.01M,-1.03%
CRWD,CrowdStrike Holdings Inc,2/13/2026,107.41,104.23,108.21,103.14,14.15M,4.40%
CRWD,CrowdStrike Holdings Inc,2/17/2026,103.57,105.9,106.47,100.01,17.71M,-3.57%
CRWD,CrowdStrike Holdings Inc,2/18/2026,103.94,102.44,105.44,100.5,11.01M,0.36%
CRWD,CrowdStrike Holdings Inc,2/19/2026,105.54,104.4,106,102.49,8.00M,1.53%
CRWD,CrowdStrike Holdings Inc,2/20/2026,97.15,104.82,107.97,96.78,33.44M,-7.95%
CRWD,CrowdStrike Holdings Inc,2/23/2026,87.58,96.24,96.28,85.68,60.31M,-9.85%
CRWD,CrowdStrike Holdings Inc,2/24/2026,87.56,87.28,90.22,86.26,28.55M,-0.02%
CRWD,CrowdStrike Holdings Inc,2/25/2026,90.83,87.39,91.49,86.63,22.79M,3.73%
CRWD,CrowdStrike Holdings Inc,2/26/2026,95.28,91.81,96.27,91.17,24.80M,4.90%
CRWD,CrowdStrike Holdings Inc,2/27/2026,93,92.26,93.38,89.82,20.50M,-2.39%
CRWD,CrowdStrike Holdings Inc,3/2/2026,96.21,93.97,96.79,93.27,15.09M,3.46%
CRWD,CrowdStrike Holdings Inc,3/3/2026,97.86,92.38,98.73,92,30.85M,1.70%
CRWD,CrowdStrike Holdings Inc,3/4/2026,101.92,96.55,102.1,95.03,33.41M,4.15%
CRWD,CrowdStrike Holdings Inc,3/5/2026,106.54,101.82,107.42,101.75,23.81M,4.53%
CRWD,CrowdStrike Holdings Inc,3/6/2026,107.25,106.49,108.43,105.06,18.42M,0.66%
CRWD,CrowdStrike Holdings Inc,3/9/2026,108.53,106.39,109.57,106.38,15.40M,1.20%
CRWD,CrowdStrike Holdings Inc,3/10/2026,109.08,111.25,111.99,107.14,13.27M,0.51%
CRWD,CrowdStrike Holdings Inc,3/11/2026,110.51,110.63,113,109.05,11.64M,1.31%
CRWD,CrowdStrike Holdings Inc,3/12/2026,110.39,110.25,112.51,109.58,9.44M,-0.11%
CRWD,CrowdStrike Holdings Inc,3/13/2026,110.44,111,112.66,108.64,8.91M,0.05%
CRWD,CrowdStrike Holdings Inc,3/16/2026,105.96,110.75,110.88,105.94,14.67M,-4.06%
CRWD,CrowdStrike Holdings Inc,3/17/2026,108.3,106.02,109.75,104.9,11.73M,2.21%
CRWD,CrowdStrike Holdings Inc,3/18/2026,108.95,107.19,110.61,107,11.20M,0.60%
CRWD,CrowdStrike Holdings Inc,3/19/2026,107.04,109.75,110.18,105.85,9.44M,-1.75%
CRWD,CrowdStrike Holdings Inc,3/20/2026,102.25,105.92,106.08,100.9,36.45M,-4.48%
CRWD,CrowdStrike Holdings Inc,3/23/2026,103.33,102.76,104.36,101.75,14.41M,1.05%
CRWD,CrowdStrike Holdings Inc,3/24/2026,98.25,102.6,102.71,97.65,14.55M,-4.92%
CRWD,CrowdStrike Holdings Inc,3/25/2026,96.46,99.75,100.08,95.88,12.51M,-1.81%
CRWD,CrowdStrike Holdings Inc,3/26/2026,98.15,95.79,98.88,95.3,9.83M,1.75%
CRWD,CrowdStrike Holdings Inc,3/27/2026,92.39,92.71,93.61,90.45,24.13M,-5.87%
CRWD,CrowdStrike Holdings Inc,3/30/2026,95.01,94.89,97.62,94.1,17.53M,2.84%
CRWD,CrowdStrike Holdings Inc,3/31/2026,97.6,95.47,98.22,94.75,11.91M,2.72%
CRWD,CrowdStrike Holdings Inc,4/1/2026,98.33,99.19,99.24,96.59,8.48M,0.74%
CRWD,CrowdStrike Holdings Inc,4/2/2026,99.78,97.79,100.2,96.69,7.96M,1.48%
CRWD,CrowdStrike Holdings Inc,4/6/2026,99.65,101.25,101.25,98.18,6.38M,-0.13%
CRWD,CrowdStrike Holdings Inc,4/7/2026,105.81,99.47,105.93,98.89,18.51M,6.18%
CRWD,CrowdStrike Holdings Inc,4/8/2026,106.63,110,112.47,105.84,18.91M,0.77%
CRWD,CrowdStrike Holdings Inc,4/9/2026,98.67,106.5,106.75,97.7,21.68M,-7.46%
CRWD,CrowdStrike Holdings Inc,4/10/2026,94.75,99.03,99.51,91.12,35.76M,-3.97%
CRWD,CrowdStrike Holdings Inc,4/13/2026,100.56,95.03,100.76,94.56,16.67M,6.13%
CRWD,CrowdStrike Holdings Inc,4/14/2026,99.62,101.16,102.86,98.35,12.75M,-0.93%
CRWD,CrowdStrike Holdings Inc,4/15/2026,102.79,101.75,103,100.51,12.43M,3.18%
CRWD,CrowdStrike Holdings Inc,4/16/2026,104.55,105.46,106.44,102.77,11.96M,1.71%
CRWD,CrowdStrike Holdings Inc,4/17/2026,105.99,107.24,107.96,105.09,11.63M,1.37%
CRWD,CrowdStrike Holdings Inc,4/20/2026,108.29,105.64,108.45,104.25,11.54M,2.17%
CRWD,CrowdStrike Holdings Inc,4/21/2026,112.4,109.94,114.79,109.13,14.68M,3.80%
CRWD,CrowdStrike Holdings Inc,4/22/2026,116.67,113.83,116.99,113.16,11.57M,3.80%
CRWD,CrowdStrike Holdings Inc,4/23/2026,111.35,113.4,113.5,109.13,12.90M,-4.56%
CRWD,CrowdStrike Holdings Inc,4/24/2026,112.03,111.98,112.76,108.89,9.09M,0.62%
CRWD,CrowdStrike Holdings Inc,4/27/2026,113.65,113.39,114.5,110.65,9.19M,1.45%
CRWD,CrowdStrike Holdings Inc,4/28/2026,113.75,114.41,115.92,112.58,7.49M,0.08%
CRWD,CrowdStrike Holdings Inc,4/29/2026,113.1,112.58,113.29,110.81,7.66M,-0.57%
CRWD,CrowdStrike Holdings Inc,4/30/2026,111.44,111.75,112.5,108.14,9.77M,-1.47%
CRWD,CrowdStrike Holdings Inc,5/1/2026,113.91,113.67,114.49,111.39,6.09M,2.22%
CRWD,CrowdStrike Holdings Inc,5/4/2026,117.31,114.22,117.95,113.85,8.73M,2.98%
CRWD,CrowdStrike Holdings Inc,5/5/2026,119.13,118.6,120.17,116.5,8.90M,1.55%
CRWD,CrowdStrike Holdings Inc,5/6/2026,117.02,117.1,118.82,114.36,8.80M,-1.78%
CRWD,CrowdStrike Holdings Inc,5/7/2026,126.43,121.52,126.7,121.52,20.46M,8.04%
CRWD,CrowdStrike Holdings Inc,5/8/2026,131.94,124.79,132.23,123.08,16.16M,4.36%
CRWD,CrowdStrike Holdings Inc,5/11/2026,135.57,130.95,135.67,130.5,11.17M,2.75%
CRWD,CrowdStrike Holdings Inc,5/12/2026,136.54,135.5,138.11,133.25,14.18M,0.72%
CRWD,CrowdStrike Holdings Inc,5/13/2026,140.64,135.21,142.09,134.59,11.20M,3.00%
CRWD,CrowdStrike Holdings Inc,5/14/2026,144.99,139.93,145.95,138.75,11.26M,3.09%
CRWD,CrowdStrike Holdings Inc,5/15/2026,148.52,143.29,149.56,140.17,15.44M,2.44%
CRWD,CrowdStrike Holdings Inc,5/18/2026,154.71,147.37,155.26,146.84,18.80M,4.17%
CRWD,CrowdStrike Holdings Inc,5/19/2026,154.22,154.99,158.56,153.32,17.86M,-0.32%
CRWD,CrowdStrike Holdings Inc,5/20/2026,162.53,153.57,162.75,153.52,17.53M,5.39%
CRWD,CrowdStrike Holdings Inc,5/21/2026,162.06,162.63,164.89,160.51,10.58M,-0.29%
CRWD,CrowdStrike Holdings Inc,5/22/2026,165.87,162.63,168.71,162.4,11.13M,2.35%
CRWD,CrowdStrike Holdings Inc,5/26/2026,167.89,166.25,169.37,162,8.35M,1.22%
CRWD,CrowdStrike Holdings Inc,5/27/2026,161.34,160.25,165.16,158.27,13.11M,-3.90%
CRWD,CrowdStrike Holdings Inc,5/28/2026,167.75,162.33,169.38,160.38,9.50M,3.97%
CRWD,CrowdStrike Holdings Inc,5/29/2026,182.75,169.36,182.87,168.74,19.28M,8.94%
CRWD,CrowdStrike Holdings Inc,6/1/2026,195.54,183.95,196.41,183.5,18.36M,7.00%
CRWD,CrowdStrike Holdings Inc,6/2/2026,192.24,191.21,194.71,186.35,16.74M,-1.69%
CRWD,CrowdStrike Holdings Inc,6/3/2026,186.9,191.42,191.75,185.53,20.99M,-2.78%
CRWD,CrowdStrike Holdings Inc,6/4/2026,179.77,168.52,180.24,167.78,29.80M,-3.81%
CRWD,CrowdStrike Holdings Inc,6/5/2026,167.76,174.18,176.55,167.52,20.96M,-6.68%
CRWD,CrowdStrike Holdings Inc,6/8/2026,164.7,168.38,171,163,13.35M,-1.82%
CRWD,CrowdStrike Holdings Inc,6/9/2026,161.23,164.7,166.22,154.43,14.96M,-2.10%
CRWD,CrowdStrike Holdings Inc,6/10/2026,161.93,159.76,165.53,158.99,10.11M,0.44%
CRWD,CrowdStrike Holdings Inc,6/11/2026,172.88,161.32,174.11,160.25,14.14M,6.76%
CRWD,CrowdStrike Holdings Inc,6/12/2026,170.7,172.66,175.54,169.5,9.25M,-1.26%
CRWD,CrowdStrike Holdings Inc,6/15/2026,173.23,173.17,174.37,167.21,10.18M,1.48%
CRWD,CrowdStrike Holdings Inc,6/16/2026,169.87,173.27,175.22,166.49,8.58M,-1.94%
CRWD,CrowdStrike Holdings Inc,6/17/2026,170.74,170,172.73,167.73,8.39M,0.51%
CRWD,CrowdStrike Holdings Inc,6/18/2026,171.21,171.69,173.98,165.23,21.52M,0.28%
CRWD,CrowdStrike Holdings Inc,6/22/2026,168.86,171.27,178.04,168.3,13.74M,-1.38%
CRWD,CrowdStrike Holdings Inc,6/23/2026,170.23,167.25,172.72,165.5,9.49M,0.81%
CRWD,CrowdStrike Holdings Inc,6/24/2026,168.26,170.12,171.79,167.25,7.02M,-1.16%
CRWD,CrowdStrike Holdings Inc,6/25/2026,169.66,170.1,173.18,167.5,12.04M,0.84%
CRWD,CrowdStrike Holdings Inc,6/26/2026,175.27,171.55,176.21,168.4,13.33M,3.31%
CRWD,CrowdStrike Holdings Inc,6/29/2026,185.73,177.38,188.99,176.03,19.76M,5.96%
CRWD,CrowdStrike Holdings Inc,6/30/2026,190.79,184.13,191.32,183,14.75M,2.72%
CRWD,CrowdStrike Holdings Inc,7/1/2026,193.18,193.75,196.5,191.25,10.74M,1.26%
CRWD,CrowdStrike Holdings Inc,7/2/2026,193.98,191.26,199.53,190.61,10.43M,0.41%
CRWD,CrowdStrike Holdings Inc,7/6/2026,199.38,189.51,209.5,188.55,10.19M,2.78%
CRWD,CrowdStrike Holdings Inc,7/7/2026,194.62,200.69,201.37,192.22,9.55M,-2.39%
CRWD,CrowdStrike Holdings Inc,7/8/2026,191.12,193.51,195.66,185.3,7.98M,-1.80%
CRWD,CrowdStrike Holdings Inc,7/9/2026,198.4,188.3,198.75,187,6.28M,3.81%
CRWD,CrowdStrike Holdings Inc,7/10/2026,187.18,196.6,198,186.48,9.27M,-5.66%
CRWD,CrowdStrike Holdings Inc,7/13/2026,187.91,186.86,189.25,181,6.48M,0.39%
CRWD,CrowdStrike Holdings Inc,7/14/2026,210.73,190.99,211,189.46,12.14M,12.14%
CRWD,CrowdStrike Holdings Inc,7/15/2026,206.77,212.38,217.5,205.1,12.00M,-1.88%
CRWD,CrowdStrike Holdings Inc,7/16/2026,203.76,207.17,207.69,200.07,8.03M,-1.46%
CRWD,CrowdStrike Holdings Inc,7/17/2026,203.08,200.4,209.5,199.52,9.10M,-0.33%
CRWD,CrowdStrike Holdings Inc,7/20/2026,198.49,203.08,208.25,197.82,7.38M,-2.26%
CRWD,CrowdStrike Holdings Inc,7/21/2026,191.15,199.81,200,189.68,9.88M,-3.70%
CRWD,CrowdStrike Holdings Inc,7/22/2026,188.42,192.56,193.49,185.05,9.08M,-1.43%
CRWD,CrowdStrike Holdings Inc,7/23/2026,183.42,189.51,190.21,181.78,6.59M,-2.65%
CRWD,CrowdStrike Holdings Inc,7/24/2026,183.28,185,185.84,181.83,5.78M,-0.08%
CRWD,CrowdStrike Holdings Inc,7/27/2026,180.11,187.9,188.5,179.5,6.59M,-1.73%
CRWD,CrowdStrike Holdings Inc,7/28/2026,181.8,181.33,184.66,174.14,8.48M,0.94%
CRWD,CrowdStrike Holdings Inc,7/29/2026,179.38,182.63,186.39,176.46,7.15M,-1.33%
CRWD,CrowdStrike Holdings Inc,7/30/2026,185.22,180.58,185.46,177.75,8.96M,3.26%
CRWD,CrowdStrike Holdings Inc,7/31/2026,190.86,187.22,191.65,184.16,7.89M,3.05%
CRWD,CrowdStrike Holdings Inc,8/3/2026,202.54,194.04,203.17,192.6,10.30M,6.12%
CRWD,CrowdStrike Holdings Inc,8/4/2026,211.22,205.8,212.64,203.5,8.35M,4.29%
CRWD,CrowdStrike Holdings Inc,8/5/2026,209.86,213.55,219.35,209.56,7.32M,-0.64%
CRWD,CrowdStrike Holdings Inc,8/6/2026,207.39,203,207.63,201.75,6.91M,-1.18%
CRWD,CrowdStrike Holdings Inc,8/7/2026,214.42,213.82,216.57,208.2,5.88M,3.39%
CRWD,CrowdStrike Holdings Inc,8/10/2026,225.16,215.31,226.9,214.55,8.18M,5.01%
CRWD,CrowdStrike Holdings Inc,8/11/2026,221.9,224,225.52,219.24,6.34M,-1.45%
CRWD,CrowdStrike Holdings Inc,8/12/2026,221.78,219.93,224.95,217.89,6.92M,-0.05%
CRWD,CrowdStrike Holdings Inc,8/13/2026,225.53,224.98,226.68,220.23,5.82M,1.69%
CRWD,CrowdStrike Holdings Inc,8/14/2026,216.95,226.64,227.5,216.46,6.75M,-3.80%
CRWD,CrowdStrike Holdings Inc,8/17/2026,213.9,216.53,219.18,213.01,6.41M,-1.41%
CRWD,CrowdStrike Holdings Inc,8/18/2026,212.92,213,216.05,209.07,6.89M,-0.46%
CRWD,CrowdStrike Holdings Inc,8/19/2026,201.63,213.38,213.98,197.25,10.75M,-5.30%
CRWD,CrowdStrike Holdings Inc,8/20/2026,190.34,197.29,200.74,189.93,8.90M,-5.60%
CRWD,CrowdStrike Holdings Inc,8/21/2026,191.95,190.94,192.85,187.01,8.20M,0.85%
CRWD,CrowdStrike Holdings Inc,8/24/2026,190.68,189.52,195.4,188.43,7.25M,-0.66%
CRWD,CrowdStrike Holdings Inc,8/25/2026,185.38,191.62,194.5,182.35,8.35M,-2.78%
CRWD,CrowdStrike Holdings Inc,8/26/2026,189.18,182.75,191.32,181.24,13.62M,2.05%
CRWD,CrowdStrike Holdings Inc,8/27/2026,227.96,208.25,229.08,206.1,23.44M,20.50%
CRWD,CrowdStrike Holdings Inc,8/28/2026,218.4,228.23,228.69,210.53,14.73M,-4.19%
CRWD,CrowdStrike Holdings Inc,8/31/2026,231,221.84,233.88,221,17.82M,5.77%
CRWD,CrowdStrike Holdings Inc,9/1/2026,215.07,228,231.3,212.65,13.74M,-6.90%
CRWD,CrowdStrike Holdings Inc,9/2/2026,203.42,214.22,214.85,200.6,12.39M,-5.42%
CRWD,CrowdStrike Holdings Inc,9/3/2026,214.97,208.35,215.1,203.76,12.07M,5.68%
CRWD,CrowdStrike Holdings Inc,9/4/2026,213.1,212.5,218.31,211.32,8.43M,-0.87%
CRWD,CrowdStrike Holdings Inc,9/8/2026,210.02,209.85,211.68,205.4,8.03M,-1.45%
CRWD,CrowdStrike Holdings Inc,9/9/2026,207.8,210.48,212.77,207,5.88M,-1.06%
CRWD,CrowdStrike Holdings Inc,9/10/2026,208.86,205.74,214.68,204.27,7.41M,0.51%
CRWD,CrowdStrike Holdings Inc,9/11/2026,206.74,208.04,213.19,204.44,6.65M,-1.02%
CRWD,CrowdStrike Holdings Inc,9/14/2026,235.38,219,239.37,216.05,25.38M,13.85%
CRWD,CrowdStrike Holdings Inc,9/15/2026,242.49,233,243.98,232.11,17.23M,3.02%
CRWD,CrowdStrike Holdings Inc,9/16/2026,241.36,236.92,245.19,235.65,11.76M,-0.47%
CRWD,CrowdStrike Holdings Inc,9/17/2026,245.7,236.04,250.32,233.19,12.34M,1.80%
CRWD,CrowdStrike Holdings Inc,9/18/2026,237.65,246.98,247.5,234.9,19.47M,-3.28%
CRWD,CrowdStrike Holdings Inc,9/21/2026,249.35,231.62,250.31,230.85,13.37M,4.92%
CRWD,CrowdStrike Holdings Inc,9/22/2026,250.06,248.21,250.8,244.7,8.93M,0.28%
CRWD,CrowdStrike Holdings Inc,9/23/2026,262.49,251.99,263.19,248.51,13.23M,4.97%
CRWD,CrowdStrike Holdings Inc,9/24/2026,259.67,261.77,263.87,258.53,8.40M,-1.07%
CRWD,CrowdStrike Holdings Inc,9/25/2026,252.13,259.53,259.86,251.54,7.64M,-2.90%
CRWD,CrowdStrike Holdings Inc,9/28/2026,259.25,248.91,260.68,246.51,8.96M,2.82%
CRWD,CrowdStrike Holdings Inc,9/29/2026,262.74,257.19,267.69,255.76,7.08M,1.35%
FMTM,FMTM,9/2/2025,27.21,27.09,27.21,26.95,7.91K,-0.85%
FMTM,FMTM,9/3/2025,27.25,27.33,27.33,27.12,6.54K,0.18%
FMTM,FMTM,9/4/2025,27.8,27.42,27.8,27.38,11.50K,2.02%
FMTM,FMTM,9/5/2025,27.95,28.19,28.19,27.5,12.62K,0.53%
FMTM,FMTM,9/8/2025,28.38,28.35,28.43,28.22,11.10K,1.53%
FMTM,FMTM,9/9/2025,28.34,28.34,28.34,28.23,5.00K,-0.13%
FMTM,FMTM,9/10/2025,29.29,29.04,29.32,29.04,8.32K,3.35%
FMTM,FMTM,9/11/2025,29.54,29.43,29.67,29.43,4.82K,0.88%
FMTM,FMTM,9/12/2025,29.17,29.45,29.45,29.17,1.70K,-1.28%
FMTM,FMTM,9/15/2025,29.62,29.38,29.66,29.38,2.65K,1.56%
FMTM,FMTM,9/16/2025,29.58,29.7,29.7,29.46,2.12K,-0.13%
FMTM,FMTM,9/17/2025,29.48,29.65,29.65,29.37,2.37K,-0.34%
FMTM,FMTM,9/18/2025,30.11,29.85,30.12,29.85,1.77K,2.12%
FMTM,FMTM,9/19/2025,30.22,30.19,30.27,30,3.10K,0.37%
FMTM,FMTM,9/22/2025,30.42,30.18,30.42,30.18,0.77K,0.65%
FMTM,FMTM,9/23/2025,30.13,30.43,30.43,30.13,1.75K,-0.95%
FMTM,FMTM,9/24/2025,29.55,29.89,29.9,29.55,1.61K,-1.93%
FMTM,FMTM,9/25/2025,29.26,29.29,29.34,29.25,0.95K,-0.96%
FMTM,FMTM,9/26/2025,29.4,29.4,29.4,29.27,2.08K,0.45%
FMTM,FMTM,9/29/2025,29.75,29.66,29.79,29.66,2.93K,1.21%
FMTM,FMTM,9/30/2025,29.93,29.9,29.93,29.55,7.39K,0.61%
FMTM,FMTM,10/1/2025,30.21,29.93,30.23,29.93,4.41K,0.94%
FMTM,FMTM,10/2/2025,30.36,30.35,30.36,29.98,6.59K,0.50%
FMTM,FMTM,10/3/2025,30.41,30.52,30.67,30.41,2.41K,0.15%
FMTM,FMTM,10/6/2025,30.47,30.71,30.76,30.47,3.59K,0.20%
FMTM,FMTM,10/7/2025,30.15,30.41,30.41,29.92,2.34K,-1.05%
FMTM,FMTM,10/8/2025,30.47,30.17,30.5,30.17,8.93K,1.06%
FMTM,FMTM,10/9/2025,30.27,30.34,30.34,30.12,3.63K,-0.66%
FMTM,FMTM,10/10/2025,28.92,29.68,29.68,28.92,3.36K,-4.45%
FMTM,FMTM,10/13/2025,29.71,29.72,29.81,29.48,1.99K,2.72%
FMTM,FMTM,10/14/2025,29.82,29.67,30.03,29.67,3.11K,0.38%
FMTM,FMTM,10/15/2025,30.14,30.24,30.27,29.91,5.58K,1.07%
FMTM,FMTM,10/16/2025,29.94,30.16,30.16,29.94,0.68K,-0.65%
FMTM,FMTM,10/17/2025,29.92,29.81,29.99,29.81,1.49K,-0.08%
FMTM,FMTM,10/20/2025,30.35,30.14,30.46,30.14,6.82K,1.44%
FMTM,FMTM,10/21/2025,30.27,30.2,30.39,30.2,1.93K,-0.27%
FMTM,FMTM,10/22/2025,29.79,30.3,30.3,29.64,3.98K,-1.59%
FMTM,FMTM,10/23/2025,30.28,30.05,30.33,29.94,1.72K,1.66%
FMTM,FMTM,10/24/2025,30.68,30.77,30.82,30.68,4.31K,1.32%
FMTM,FMTM,10/27/2025,31.13,31.17,31.23,31.05,3.20K,1.47%
FMTM,FMTM,10/28/2025,31.17,31.2,31.2,31.1,0.51K,0.13%
FMTM,FMTM,10/29/2025,31.52,31.46,31.72,31.46,2.29K,1.11%
FMTM,FMTM,10/30/2025,31.46,31.47,31.86,31.46,6.92K,-0.17%
FMTM,FMTM,10/31/2025,31.51,31.76,31.76,31.19,15.92K,0.17%
FMTM,FMTM,11/3/2025,31.77,31.56,31.79,31.56,1.97K,0.83%
FMTM,FMTM,11/4/2025,30.8,30.95,31.3,30.8,2.97K,-3.08%
FMTM,FMTM,11/5/2025,31.83,30.94,31.98,30.94,2.40K,3.34%
FMTM,FMTM,11/6/2025,31.47,31.9,32.02,31.31,12.43K,-1.13%
FMTM,FMTM,11/7/2025,31.55,31.02,31.6,30.72,21.19K,0.26%
FMTM,FMTM,11/10/2025,32.47,32.33,32.51,32.27,19.96K,2.91%
FMTM,FMTM,11/11/2025,32,32.24,32.27,32,35.64K,-1.43%
FMTM,FMTM,11/12/2025,32.27,32.35,32.53,32.27,7.14K,0.84%
FMTM,FMTM,11/13/2025,31.19,32.09,32.11,31.19,11.15K,-3.36%
FMTM,FMTM,11/14/2025,31.04,30.57,31.64,30.57,4.74K,-0.48%
FMTM,FMTM,11/17/2025,30.61,31.19,31.19,30.37,7.36K,-1.37%
FMTM,FMTM,11/18/2025,30.39,30.52,30.67,30.12,3.19K,-0.74%
FMTM,FMTM,11/19/2025,30.67,30.55,30.99,30.38,4.77K,0.94%
FMTM,FMTM,11/20/2025,29.45,31.49,31.49,29.45,10.29K,-3.99%
FMTM,FMTM,11/21/2025,29.94,29.48,30.13,29.15,5.92K,1.67%
FMTM,FMTM,11/24/2025,30.92,30.42,30.97,30.42,9.65K,3.27%
FMTM,FMTM,11/25/2025,31.39,30.71,31.39,30.67,4.69K,1.53%
FMTM,FMTM,11/26/2025,31.88,31.7,32.06,31.7,9.26K,1.56%
FMTM,FMTM,11/28/2025,32.11,32.03,32.11,31.88,3.95K,0.72%
FMTM,FMTM,12/1/2025,31.78,31.83,31.93,31.78,2.65K,-1.03%
FMTM,FMTM,12/2/2025,31.97,32.1,32.2,31.77,10.78K,0.59%
FMTM,FMTM,12/3/2025,31.51,31.65,31.75,31.33,28.80K,-1.42%
FMTM,FMTM,12/4/2025,31.68,31.35,31.73,31.35,54.01K,0.53%
FMTM,FMTM,12/5/2025,31.94,31.85,32.04,31.85,26.49K,0.80%
FMTM,FMTM,12/8/2025,31.92,32.08,32.12,31.9,108.03K,-0.05%
FMTM,FMTM,12/9/2025,31.9,31.8,32.08,31.8,2.36K,-0.06%
FMTM,FMTM,12/10/2025,32.56,31.97,32.68,31.93,8.99K,2.05%
FMTM,FMTM,12/11/2025,32.91,32.47,32.93,32.18,7.52K,1.09%
FMTM,FMTM,12/12/2025,31.82,32.58,32.58,31.75,7.70K,-3.32%
FMTM,FMTM,12/15/2025,31.87,32.07,32.13,31.87,2.16K,0.15%
FMTM,FMTM,12/16/2025,31.58,31.77,31.77,31.38,7.49K,-0.90%
FMTM,FMTM,12/17/2025,30.97,31.73,31.73,30.92,7.30K,-1.95%
FMTM,FMTM,12/18/2025,31.51,31.81,31.81,31.51,20.43K,1.76%
FMTM,FMTM,12/19/2025,32.41,32.2,32.46,32.17,2.37K,2.86%
FMTM,FMTM,12/22/2025,32.81,32.67,32.86,32.52,8.21K,1.24%
FMTM,FMTM,12/23/2025,32.75,32.65,32.77,32.65,2.26K,-0.20%
FMTM,FMTM,12/24/2025,32.88,32.79,32.88,32.79,3.45K,0.42%
FMTM,FMTM,12/26/2025,32.91,32.83,32.91,32.78,1.92K,0.08%
FMTM,FMTM,12/29/2025,32.66,32.65,32.69,32.59,5.54K,-0.76%
FMTM,FMTM,12/30/2025,32.45,32.58,32.58,32.45,11.50K,-0.64%
FMTM,FMTM,12/31/2025,32.14,32.37,32.37,32.07,3.64K,-0.96%
FMTM,FMTM,1/2/2026,33.08,32.53,33.09,32.53,4.94K,2.92%
FMTM,FMTM,1/5/2026,33.52,33.52,33.58,33.36,114.21K,1.34%
FMTM,FMTM,1/6/2026,34.44,33.81,34.44,33.51,111.08K,2.76%
FMTM,FMTM,1/7/2026,34.03,34.04,34.24,33.98,12.52K,-1.22%
FMTM,FMTM,1/8/2026,33.58,34.16,34.16,33.42,44.93K,-1.31%
FMTM,FMTM,1/9/2026,34.1,33.68,34.12,33.68,17.77K,1.55%
FMTM,FMTM,1/12/2026,34.49,33.97,34.52,33.97,9.53K,1.16%
FMTM,FMTM,1/13/2026,34.67,34.63,34.81,34.6,10.99K,0.51%
FMTM,FMTM,1/14/2026,34.51,34.45,34.65,34.37,6.42K,-0.47%
FMTM,FMTM,1/15/2026,35.07,35.16,35.41,35.07,77.45K,1.63%
FMTM,FMTM,1/16/2026,35.11,35.25,35.39,35.04,48.24K,0.11%
FMTM,FMTM,1/20/2026,34.63,34.69,35.05,34.43,47.68K,-1.36%
FMTM,FMTM,1/21/2026,35.4,34.95,35.59,34.72,39.53K,2.20%
FMTM,FMTM,1/22/2026,35.39,35.82,35.82,35.25,21.91K,-0.02%
FMTM,FMTM,1/23/2026,35.04,34.99,35.24,34.98,17.11K,-1.00%
FMTM,FMTM,1/26/2026,35.22,35,35.28,34.92,25.20K,0.52%
FMTM,FMTM,1/27/2026,35.76,35.57,35.81,35.49,56.60K,1.53%
FMTM,FMTM,1/28/2026,36.2,36.07,36.28,35.82,39.39K,1.23%
FMTM,FMTM,1/29/2026,36.19,36.52,36.55,35.67,43.21K,-0.02%
FMTM,FMTM,1/30/2026,35.23,36.01,36.07,35.07,94.45K,-2.65%
FMTM,FMTM,2/2/2026,35.8,34.95,35.84,34.95,46.49K,1.61%
FMTM,FMTM,2/3/2026,36.03,36.61,37.43,35.6,47.35K,0.65%
FMTM,FMTM,2/4/2026,35.55,35.99,36.21,35.05,38.88K,-1.33%
FMTM,FMTM,2/5/2026,34.92,34.62,35.33,34.46,46.46K,-1.77%
FMTM,FMTM,2/6/2026,36.03,35.33,36.11,35.33,25.47K,3.17%
FMTM,FMTM,2/9/2026,36.37,35.99,36.46,35.88,62.10K,0.94%
FMTM,FMTM,2/10/2026,36.16,36.13,36.32,35.88,23.12K,-0.57%
FMTM,FMTM,2/11/2026,36.5,36.72,36.78,36.13,46.87K,0.95%
FMTM,FMTM,2/12/2026,35.89,36.58,36.97,35.79,48.42K,-1.68%
FMTM,FMTM,2/13/2026,36.1,35.78,36.31,35.51,40.27K,0.59%
FMTM,FMTM,2/17/2026,36.07,36,36.17,35.56,40.82K,-0.08%
FMTM,FMTM,2/18/2026,36.59,36.25,36.78,36.24,25.28K,1.42%
FMTM,FMTM,2/19/2026,36.53,36.25,36.58,36.21,12.90K,-0.16%
FMTM,FMTM,2/20/2026,36.96,36.48,37.02,36.47,23.21K,1.19%
FMTM,FMTM,2/23/2026,36.75,36.73,37.06,36.44,24.16K,-0.58%
FMTM,FMTM,2/24/2026,37.14,36.8,37.29,36.8,44.40K,1.06%
FMTM,FMTM,2/25/2026,37.44,37.62,37.67,37.37,32.96K,0.82%
FMTM,FMTM,2/26/2026,37.29,37.48,37.48,36.71,13.19K,-0.39%
FMTM,FMTM,2/27/2026,37.19,37.03,37.27,36.94,20.52K,-0.29%
FMTM,FMTM,3/2/2026,37.75,36.81,37.78,36.81,50.54K,1.51%
FMTM,FMTM,3/3/2026,36.44,36.47,36.81,35.64,76.78K,-3.46%
FMTM,FMTM,3/4/2026,36.49,36.89,36.89,36.34,17.87K,0.15%
FMTM,FMTM,3/5/2026,35.57,36.1,36.31,35.04,39.24K,-2.53%
FMTM,FMTM,3/6/2026,34.22,34.82,34.95,34.03,20.69K,-3.80%
FMTM,FMTM,3/9/2026,35.05,33.69,35.12,33.3,87.96K,2.43%
FMTM,FMTM,3/10/2026,35.33,35.11,35.99,35.11,42.82K,0.79%
FMTM,FMTM,3/11/2026,35.43,35.19,35.65,34.99,33.80K,0.28%
FMTM,FMTM,3/12/2026,34.19,34.89,34.89,34.18,35.52K,-3.48%
FMTM,FMTM,3/13/2026,33.83,34.37,34.53,33.77,25.60K,-1.06%
FMTM,FMTM,3/16/2026,34.41,34.36,34.72,34.35,21.94K,1.71%
FMTM,FMTM,3/17/2026,34.74,34.63,34.85,34.59,11.25K,0.96%
FMTM,FMTM,3/18/2026,34.63,34.78,35.03,34.6,39.20K,-0.32%
FMTM,FMTM,3/19/2026,34.71,33.94,34.9,33.63,12.76K,0.23%
FMTM,FMTM,3/20/2026,33.72,34.65,34.65,33.46,31.58K,-2.86%
FMTM,FMTM,3/23/2026,34.56,34.41,35.13,34.21,20.10K,2.50%
FMTM,FMTM,3/24/2026,35.27,34.51,35.41,34.24,20.21K,2.06%
FMTM,FMTM,3/25/2026,35.55,35.61,35.67,35.24,27.89K,0.80%
FMTM,FMTM,3/26/2026,34.27,35,35.12,34.18,35.99K,-3.61%
FMTM,FMTM,3/27/2026,34.07,34.07,34.47,33.98,18.88K,-0.59%
FMTM,FMTM,3/30/2026,33.17,34.75,34.75,33.03,30.11K,-2.63%
FMTM,FMTM,3/31/2026,34.76,33.91,34.79,33.77,33.93K,4.80%
FMTM,FMTM,4/1/2026,35.38,35.11,35.6,35.11,94.57K,1.78%
FMTM,FMTM,4/2/2026,35.55,34.66,35.68,34.66,121.99K,0.47%
FMTM,FMTM,4/6/2026,35.74,35.69,35.76,35.31,112.48K,0.56%
FMTM,FMTM,4/7/2026,35.71,35.59,35.81,35.44,34.18K,-0.10%
FMTM,FMTM,4/8/2026,36.87,36.76,36.99,36.31,99.84K,3.25%
FMTM,FMTM,4/9/2026,36.93,36.7,37.03,36.68,57.11K,0.17%
FMTM,FMTM,4/10/2026,36.59,37.04,37.04,36.54,93.08K,-0.93%
FMTM,FMTM,4/13/2026,37.01,36.52,37.05,36.51,50.11K,1.16%
FMTM,FMTM,4/14/2026,37.15,37.18,37.24,36.9,122.53K,0.36%
FMTM,FMTM,4/15/2026,36.99,37.15,37.15,36.79,72.97K,-0.44%
FMTM,FMTM,4/16/2026,37.49,37.23,37.56,37.03,89.10K,1.35%
FMTM,FMTM,4/17/2026,38.08,37.7,38.15,37.51,80.99K,1.59%
FMTM,FMTM,4/20/2026,38.51,38.1,38.55,38.04,95.10K,1.13%
FMTM,FMTM,4/21/2026,38.46,38.61,38.76,38.35,72.25K,-0.14%
FMTM,FMTM,4/22/2026,38.66,38.9,38.96,38.44,80.28K,0.52%
FMTM,FMTM,4/23/2026,38.82,38.72,39.06,38.38,127.44K,0.40%
FMTM,FMTM,4/24/2026,38.88,39.12,39.12,38.63,73.32K,0.17%
FMTM,FMTM,4/27/2026,38.83,38.98,38.98,38.36,95.09K,-0.13%
FMTM,FMTM,4/28/2026,37.99,38.48,38.5,37.82,85.02K,-2.18%
FMTM,FMTM,4/29/2026,38.04,38.27,38.27,37.92,72.57K,0.15%
FMTM,FMTM,4/30/2026,39.54,38.47,39.56,38.47,105.38K,3.93%
FMTM,FMTM,5/1/2026,39.79,39.93,39.97,39.49,142.82K,0.63%
FMTM,FMTM,5/4/2026,39.84,39.93,40.02,39.59,182.09K,0.12%
FMTM,FMTM,5/5/2026,40.39,40.19,40.6,40.19,151.76K,1.37%
FMTM,FMTM,5/6/2026,40.84,41.02,41.24,40.4,184.30K,1.12%
FMTM,FMTM,5/7/2026,39.95,40.91,40.91,39.62,197.04K,-2.18%
FMTM,FMTM,5/8/2026,40.26,40.4,40.4,40.14,139.14K,0.77%
FMTM,FMTM,5/11/2026,41.33,40.48,41.34,40.28,268.21K,2.66%
FMTM,FMTM,5/12/2026,41.06,41.3,41.3,40.29,193.79K,-0.66%
FMTM,FMTM,5/13/2026,41.52,41.4,41.67,40.79,190.06K,1.13%
FMTM,FMTM,5/14/2026,41.9,41.93,41.97,41.55,217.96K,0.92%
FMTM,FMTM,5/15/2026,40.96,41.4,41.4,40.84,308.86K,-2.24%
FMTM,FMTM,5/18/2026,40.03,40.96,40.96,39.8,190.86K,-2.28%
FMTM,FMTM,5/19/2026,39.63,39.73,39.95,38.97,183.31K,-0.99%
FMTM,FMTM,5/20/2026,39.81,39.99,40.21,39.69,166.91K,0.46%
FMTM,FMTM,5/21/2026,39.97,39.68,40.1,39.54,149.26K,0.40%
FMTM,FMTM,5/22/2026,40.22,40.34,40.34,39.86,132.50K,0.62%
FMTM,FMTM,5/26/2026,40.84,40.64,40.96,40.38,190.28K,1.55%
FMTM,FMTM,5/27/2026,40.59,40.96,40.96,40.31,222.36K,-0.60%
FMTM,FMTM,5/28/2026,40.42,40.69,40.82,40.09,135.72K,-0.43%
FMTM,FMTM,5/29/2026,40.63,40.57,40.63,39.97,138.22K,0.52%
FMTM,FMTM,6/1/2026,40.95,40.34,41.03,40.22,140.62K,0.78%
FMTM,FMTM,6/2/2026,42.13,41.25,42.21,41.25,202.67K,2.89%
FMTM,FMTM,6/3/2026,42.34,42.24,42.47,41.59,230.21K,0.50%
FMTM,FMTM,6/4/2026,42.23,41.72,42.42,41.25,147.31K,-0.26%
FMTM,FMTM,6/5/2026,40.26,41.37,41.45,40.08,191.67K,-4.66%
FMTM,FMTM,6/8/2026,40.66,40.89,41.06,40.55,144.40K,0.99%
FMTM,FMTM,6/9/2026,40.53,41.17,48,38.95,208.10K,-0.32%
FMTM,FMTM,6/10/2026,39.64,40.19,40.77,39.58,185.82K,-2.20%
FMTM,FMTM,6/11/2026,41.09,40.09,42.5,39.9,251.92K,3.66%
FMTM,FMTM,6/12/2026,41.44,41.31,41.75,41.05,189.36K,0.84%
FMTM,FMTM,6/15/2026,42.26,42.55,42.57,42.09,450.16K,1.99%
FMTM,FMTM,6/16/2026,41.56,42.33,42.54,41.48,249.82K,-1.66%
FMTM,FMTM,6/17/2026,41.46,41.77,42.28,41.4,225.56K,-0.24%
FMTM,FMTM,6/18/2026,42.5,42.26,42.5,41.92,217.82K,2.51%
FMTM,FMTM,6/22/2026,43.44,42.67,43.71,42.67,352.52K,2.21%
FMTM,FMTM,6/23/2026,41.95,41.93,42.39,41.53,218.63K,-3.43%
FMTM,FMTM,6/24/2026,41.87,42.02,42.44,41.36,261.75K,-0.19%
FMTM,FMTM,6/25/2026,42.6,42.83,43.01,42.05,347.70K,1.75%
FMTM,FMTM,6/26/2026,41.44,42.01,42.01,41.17,190.24K,-2.73%
FMTM,FMTM,6/29/2026,42.88,41.62,42.88,41.04,342.53K,3.47%
FMTM,FMTM,6/30/2026,43.64,42.82,43.81,42.82,413.17K,1.77%
FMTM,FMTM,7/1/2026,42.29,42.91,42.93,42.19,339.72K,-3.09%
FMTM,FMTM,7/2/2026,40.57,42.38,42.44,40.06,472.86K,-4.07%
FMTM,FMTM,7/6/2026,41.2,40.95,41.85,40.92,320.68K,1.55%
FMTM,FMTM,7/7/2026,39.76,40.42,40.42,39.13,307.12K,-3.50%
FMTM,FMTM,7/8/2026,39.83,39.47,40.07,39.12,199.37K,0.18%
FMTM,FMTM,7/9/2026,40.93,40.84,41.35,40.83,167.90K,2.76%
FMTM,FMTM,7/10/2026,40.66,40.75,40.86,40.32,197.59K,-0.66%
FMTM,FMTM,7/13/2026,39.8,40.25,40.29,39.64,202.56K,-2.12%
FMTM,FMTM,7/14/2026,40.51,40.65,40.92,40.35,229.03K,1.78%
FMTM,FMTM,7/15/2026,39.82,40.78,40.78,39.12,167.54K,-1.70%
FMTM,FMTM,7/16/2026,38.5,39.31,39.44,38.31,329.61K,-3.31%
FMTM,FMTM,7/17/2026,38.32,37.69,38.69,37.2,167.99K,-0.47%
FMTM,FMTM,7/20/2026,38.03,38.58,38.97,37.96,225.62K,-0.76%
FMTM,FMTM,7/21/2026,39.33,38.86,39.45,38.78,137.33K,3.42%
FMTM,FMTM,7/22/2026,39.39,38.94,39.69,38.94,111.51K,0.15%
FMTM,FMTM,7/23/2026,39.22,39.22,39.64,39.01,124.86K,-0.43%
FMTM,FMTM,7/24/2026,38.35,39.04,39.04,38.17,202.47K,-2.22%
FMTM,FMTM,7/27/2026,37.94,38.7,38.71,37.18,239.99K,-1.07%
FMTM,FMTM,7/28/2026,37.41,37.4,37.6,36.72,233.89K,-1.40%
FMTM,FMTM,7/29/2026,36.92,37.41,37.78,36.71,269.26K,-1.31%
FMTM,FMTM,7/30/2026,37.96,37.94,38.06,37.41,156.24K,2.82%
FMTM,FMTM,7/31/2026,38.4,38.69,38.79,38,207.52K,1.16%
FMTM,FMTM,8/3/2026,38.95,38.5,39.07,38.1,197.80K,1.43%
FMTM,FMTM,8/4/2026,40.06,39.41,40.13,39.28,331.85K,2.85%
FMTM,FMTM,8/5/2026,39.4,39.96,40.16,39.38,185.07K,-1.65%
FMTM,FMTM,8/6/2026,38.67,38.65,39.04,38.44,227.29K,-1.85%
FMTM,FMTM,8/7/2026,39.19,39.2,39.37,38.95,173.92K,1.34%
FMTM,FMTM,8/10/2026,39.43,39.23,39.83,39.23,370.94K,0.62%
FMTM,FMTM,8/11/2026,39.18,39.51,39.51,39.12,159.24K,-0.64%
FMTM,FMTM,8/12/2026,39.62,39.51,39.75,39.46,200.16K,1.13%
FMTM,FMTM,8/13/2026,40.33,39.83,40.39,39.83,212.84K,1.77%
FMTM,FMTM,8/14/2026,39.95,40.44,40.45,39.84,172.79K,-0.93%
FMTM,FMTM,8/17/2026,39.82,40.11,40.13,39.79,181.22K,-0.33%
FMTM,FMTM,8/18/2026,39.3,39.33,39.65,39.1,192.99K,-1.31%
FMTM,FMTM,8/19/2026,38.51,39.6,39.6,38.4,287.58K,-2.00%
FMTM,FMTM,8/20/2026,38.43,38.33,38.78,38.17,148.25K,-0.22%
FMTM,FMTM,8/21/2026,38.75,38.72,38.81,38.29,232.25K,0.83%
FMTM,FMTM,8/24/2026,38.37,38.47,38.56,38.17,164.17K,-0.96%
FMTM,FMTM,8/25/2026,38.59,38.68,38.72,38.32,147.51K,0.55%
FMTM,FMTM,8/26/2026,39.04,38.32,39.11,38.23,99.37K,1.18%
FMTM,FMTM,8/27/2026,40.23,39.81,40.23,39.75,174.80K,3.05%
FMTM,FMTM,8/28/2026,39.29,40.1,40.1,39.27,135.09K,-2.35%
FMTM,FMTM,8/31/2026,39.33,39.25,39.57,39.09,287.74K,0.11%
FMTM,FMTM,9/1/2026,38.56,39.25,39.33,38.44,353.93K,-1.97%
FMTM,FMTM,9/2/2026,38.73,38.53,38.88,38.43,221.58K,0.45%
FMTM,FMTM,9/3/2026,39.4,39.04,39.52,39.04,195.88K,1.73%
FMTM,FMTM,9/4/2026,38.92,38.98,39.04,38.71,240.34K,-1.22%
FMTM,FMTM,9/8/2026,38.28,38.87,38.87,38.28,234.96K,-1.64%
FMTM,FMTM,9/9/2026,37.99,38.34,38.41,37.97,207.18K,-0.76%
FMTM,FMTM,9/10/2026,37.66,37.83,38.03,37.6,159.38K,-0.86%
FMTM,FMTM,9/11/2026,37.89,37.95,38.05,37.72,180.33K,0.61%
FMTM,FMTM,9/14/2026,38.44,38.02,38.49,37.92,192.02K,1.46%
FMTM,FMTM,9/15/2026,38.81,38.27,38.89,38.27,353.11K,0.95%
FMTM,FMTM,9/16/2026,38.61,38.71,39.05,38.32,157.02K,-0.52%
FMTM,FMTM,9/17/2026,39.06,38.91,39.13,38.68,124.88K,1.17%
FMTM,FMTM,9/18/2026,38.7,39.09,39.09,38.57,119.82K,-0.92%
FMTM,FMTM,9/21/2026,38.83,38.88,39.05,38.72,191.23K,0.32%
FMTM,FMTM,9/22/2026,38.79,38.75,38.94,38.58,241.04K,-0.10%
FMTM,FMTM,9/23/2026,38.53,38.74,38.97,38.51,164.27K,-0.66%
FMTM,FMTM,9/24/2026,39.01,38.55,39.12,38.38,244.41K,1.24%
FMTM,FMTM,9/25/2026,38.9,39.03,39.06,38.72,137.87K,-0.29%
FMTM,FMTM,9/28/2026,38.88,38.51,39.09,38.47,156.55K,-0.04%
FMTM,FMTM,9/29/2026,38.95,38.87,39.14,38.62,134.42K,0.17%
GOOG,Alphabet Inc Class C,9/2/2025,211.99,208.99,212.37,206.96,28.90M,-0.72%
GOOG,Alphabet Inc Class C,9/3/2025,231.1,226.48,231.8,225.12,72.25M,9.01%
GOOG,Alphabet Inc Class C,9/4/2025,232.66,230.15,232.77,226.76,32.20M,0.68%
GOOG,Alphabet Inc Class C,9/5/2025,235.17,232.66,236.13,232.38,26.13M,1.08%
GOOG,Alphabet Inc Class C,9/8/2025,234.16,235.79,238.4,233.73,23.13M,-0.43%
GOOG,Alphabet Inc Class C,9/9/2025,239.94,234.19,240.59,233.38,22.85M,2.47%
GOOG,Alphabet Inc Class C,9/10/2025,239.56,239.25,242.08,238.11,19.99M,-0.16%
GOOG,Alphabet Inc Class C,9/11/2025,240.78,240.14,242.57,236.58,21.31M,0.51%
GOOG,Alphabet Inc Class C,9/12/2025,241.38,240.8,242.42,238.5,14.54M,0.25%
GOOG,Alphabet Inc Class C,9/15/2025,251.76,245.14,252.75,244.98,29.94M,4.30%
GOOG,Alphabet Inc Class C,9/16/2025,251.42,252.33,253.23,249.71,24.49M,-0.14%
GOOG,Alphabet Inc Class C,9/17/2025,249.85,251.46,251.95,246.58,20.49M,-0.62%
GOOG,Alphabet Inc Class C,9/18/2025,252.33,251.86,254.14,250.11,21.17M,0.99%
GOOG,Alphabet Inc Class C,9/19/2025,255.24,253.4,256.7,252.07,41.62M,1.15%
GOOG,Alphabet Inc Class C,9/22/2025,252.88,254.78,256.31,250.81,20.08M,-0.92%
GOOG,Alphabet Inc Class C,9/23/2025,252.34,253.65,254.77,251.09,17.52M,-0.21%
GOOG,Alphabet Inc Class C,9/24/2025,247.83,252.15,252.96,247.22,16.96M,-1.79%
GOOG,Alphabet Inc Class C,9/25/2025,246.57,244.84,247.32,241.65,17.38M,-0.51%
GOOG,Alphabet Inc Class C,9/26/2025,247.18,247.79,250.12,246.64,16.59M,0.25%
GOOG,Alphabet Inc Class C,9/29/2025,244.36,248.27,251.65,243.2,23.16M,-1.14%
GOOG,Alphabet Inc Class C,9/30/2025,243.55,243.06,243.68,239.57,22.54M,-0.33%
GOOG,Alphabet Inc Class C,10/1/2025,245.54,241.18,247.15,239.2,23.97M,0.82%
GOOG,Alphabet Inc Class C,10/2/2025,246.43,245.64,247.63,243.1,20.66M,0.36%
GOOG,Alphabet Inc Class C,10/3/2025,246.45,245.23,247.12,242.47,19.94M,0.01%
GOOG,Alphabet Inc Class C,10/6/2025,251.51,245.78,252.2,245.69,18.31M,2.05%
GOOG,Alphabet Inc Class C,10/7/2025,247.13,248.93,251.55,246.81,13.81M,-1.74%
GOOG,Alphabet Inc Class C,10/8/2025,245.46,246.2,247.26,245.09,14.14M,-0.68%
GOOG,Alphabet Inc Class C,10/9/2025,242.21,245.06,245.55,239.68,19.38M,-1.32%
GOOG,Alphabet Inc Class C,10/10/2025,237.49,242.16,244.84,236.68,22.45M,-1.95%
GOOG,Alphabet Inc Class C,10/13/2025,244.64,241.03,244.99,240.75,12.46M,3.01%
GOOG,Alphabet Inc Class C,10/14/2025,246.19,241.76,248.02,241.18,17.71M,0.63%
GOOG,Alphabet Inc Class C,10/15/2025,251.71,248.09,252.76,246.79,16.05M,2.24%
GOOG,Alphabet Inc Class C,10/16/2025,251.88,252.46,257.58,250.67,18.95M,0.07%
GOOG,Alphabet Inc Class C,10/17/2025,253.79,251.35,254.88,248.59,17.65M,0.76%
GOOG,Alphabet Inc Class C,10/20/2025,257.02,255.23,257.88,254.6,13.73M,1.27%
GOOG,Alphabet Inc Class C,10/21/2025,251.34,255.25,255.38,244.67,27.84M,-2.21%
GOOG,Alphabet Inc Class C,10/22/2025,252.53,255.01,257.18,250.45,19.65M,0.47%
GOOG,Alphabet Inc Class C,10/23/2025,253.73,253.7,255.86,252.77,13.24M,0.48%
GOOG,Alphabet Inc Class C,10/24/2025,260.51,257.3,262.51,256.1,18.41M,2.67%
GOOG,Alphabet Inc Class C,10/27/2025,269.93,265.36,270.8,264.94,22.99M,3.62%
GOOG,Alphabet Inc Class C,10/28/2025,268.43,270.2,271.38,267.17,20.10M,-0.56%
GOOG,Alphabet Inc Class C,10/29/2025,275.17,268.61,275.97,268.43,26.29M,2.51%
GOOG,Alphabet Inc Class C,10/30/2025,281.9,291.72,291.93,280.45,48.57M,2.45%
GOOG,Alphabet Inc Class C,10/31/2025,281.82,283.2,286.29,277.52,29.93M,-0.03%
GOOG,Alphabet Inc Class C,11/3/2025,284.12,282.42,285.94,280.37,19.69M,0.82%
GOOG,Alphabet Inc Class C,11/4/2025,278.06,277.07,281.83,276.86,18.12M,-2.13%
GOOG,Alphabet Inc Class C,11/5/2025,284.75,279.38,286.7,277.88,20.06M,2.41%
GOOG,Alphabet Inc Class C,11/6/2025,285.34,285.73,288.81,281.62,23.10M,0.21%
GOOG,Alphabet Inc Class C,11/7/2025,279.7,284.21,284.5,275.74,21.99M,-1.98%
GOOG,Alphabet Inc Class C,11/10/2025,290.59,285.27,291.46,283.54,19.51M,3.89%
GOOG,Alphabet Inc Class C,11/11/2025,291.74,288.2,292.34,287.88,14.16M,0.40%
GOOG,Alphabet Inc Class C,11/12/2025,287.43,292.08,292.36,284.38,17.00M,-1.48%
GOOG,Alphabet Inc Class C,11/13/2025,279.12,282.98,283.51,278,18.06M,-2.89%
GOOG,Alphabet Inc Class C,11/14/2025,276.98,271.89,279.15,271.41,18.33M,-0.77%
GOOG,Alphabet Inc Class C,11/17/2025,285.6,286.4,294.52,284.23,34.29M,3.11%
GOOG,Alphabet Inc Class C,11/18/2025,284.96,288.48,289.43,279.01,29.70M,-0.22%
GOOG,Alphabet Inc Class C,11/19/2025,292.99,287.68,304.25,287.67,43.12M,2.82%
GOOG,Alphabet Inc Class C,11/20/2025,289.98,304.74,306.89,289.17,34.80M,-1.03%
GOOG,Alphabet Inc Class C,11/21/2025,299.65,296.87,303.96,294.36,43.67M,3.33%
GOOG,Alphabet Inc Class C,11/24/2025,318.47,311.01,319.8,309.4,55.31M,6.28%
GOOG,Alphabet Inc Class C,11/25/2025,323.64,326.8,328.67,317.82,50.90M,1.62%
GOOG,Alphabet Inc Class C,11/26/2025,320.28,320.78,324.99,317.2,29.84M,-1.04%
GOOG,Alphabet Inc Class C,11/28/2025,320.12,323.43,326.88,316.94,19.70M,-0.05%
GOOG,Alphabet Inc Class C,12/1/2025,315.12,317.48,319.63,313.98,28.52M,-1.56%
GOOG,Alphabet Inc Class C,12/2/2025,316.02,316.9,318.6,314.22,24.67M,0.29%
GOOG,Alphabet Inc Class C,12/3/2025,320.62,316.03,322.04,314.28,32.29M,1.46%
GOOG,Alphabet Inc Class C,12/4/2025,318.39,323.05,323.1,315.59,20.83M,-0.70%
GOOG,Alphabet Inc Class C,12/5/2025,322.09,320,323.83,319.98,15.72M,1.16%
GOOG,Alphabet Inc Class C,12/8/2025,314.45,321.03,321.23,311.91,22.01M,-2.37%
GOOG,Alphabet Inc Class C,12/9/2025,317.75,313.1,318.71,312.62,14.15M,1.05%
GOOG,Alphabet Inc Class C,12/10/2025,321,316.62,321.87,315.4,22.76M,1.02%
GOOG,Alphabet Inc Class C,12/11/2025,313.7,321.1,321.99,309.88,25.91M,-2.27%
GOOG,Alphabet Inc Class C,12/12/2025,310.52,314.8,316.14,306.96,21.26M,-1.01%
GOOG,Alphabet Inc Class C,12/15/2025,309.32,312.63,312.7,305.74,22.03M,-0.39%
GOOG,Alphabet Inc Class C,12/16/2025,307.73,306,311.85,303.83,21.29M,-0.51%
GOOG,Alphabet Inc Class C,12/17/2025,298.06,309.01,309.2,297.45,29.12M,-3.14%
GOOG,Alphabet Inc Class C,12/18/2025,303.75,303.06,305.26,300.63,21.04M,1.91%
GOOG,Alphabet Inc Class C,12/19/2025,308.61,303.27,308.99,302.34,45.23M,1.60%
GOOG,Alphabet Inc Class C,12/22/2025,311.33,311.23,311.7,306.59,14.09M,0.88%
GOOG,Alphabet Inc Class C,12/23/2025,315.68,311.14,316.3,310.75,13.96M,1.40%
GOOG,Alphabet Inc Class C,12/24/2025,315.67,316.15,316.29,313.32,6.14M,0.00%
GOOG,Alphabet Inc Class C,12/26/2025,314.96,315.92,316.56,313.72,6.73M,-0.22%
GOOG,Alphabet Inc Class C,12/29/2025,314.39,312.82,314.97,311.9,12.32M,-0.18%
GOOG,Alphabet Inc Class C,12/30/2025,314.55,313.41,317.7,313.25,11.05M,0.05%
GOOG,Alphabet Inc Class C,12/31/2025,313.8,313.37,315.39,312.2,10.82M,-0.24%
GOOG,Alphabet Inc Class C,1/2/2026,315.32,317.59,322.91,310.65,22.04M,0.48%
GOOG,Alphabet Inc Class C,1/5/2026,317.32,317.7,319.25,315.25,19.93M,0.63%
GOOG,Alphabet Inc Class C,1/6/2026,314.55,317.31,321.56,312.34,18.99M,-0.87%
GOOG,Alphabet Inc Class C,1/7/2026,322.43,314.57,326.46,314.5,24.68M,2.51%
GOOG,Alphabet Inc Class C,1/8/2026,326.01,329.27,330.54,321.99,21.79M,1.11%
GOOG,Alphabet Inc Class C,1/9/2026,329.14,327.49,331.48,326.25,17.92M,0.96%
GOOG,Alphabet Inc Class C,1/12/2026,332.73,326.5,334.44,325.51,23.89M,1.09%
GOOG,Alphabet Inc Class C,1/13/2026,336.43,335.28,341.2,334.35,24.62M,1.11%
GOOG,Alphabet Inc Class C,1/14/2026,336.31,334.98,337.03,331.14,17.84M,-0.04%
GOOG,Alphabet Inc Class C,1/15/2026,333.16,338.05,338.13,331.29,16.42M,-0.94%
GOOG,Alphabet Inc Class C,1/16/2026,330.34,334.93,335.24,328.17,21.87M,-0.85%
GOOG,Alphabet Inc Class C,1/20/2026,322.16,321.24,328.09,320.89,27.17M,-2.48%
GOOG,Alphabet Inc Class C,1/21/2026,328.38,321.1,332.73,319.54,22.79M,1.93%
GOOG,Alphabet Inc Class C,1/22/2026,330.84,334.27,335.21,328.88,19.90M,0.75%
GOOG,Alphabet Inc Class C,1/23/2026,328.43,332.65,334.03,327.97,19.11M,-0.73%
GOOG,Alphabet Inc Class C,1/26/2026,333.59,328.2,336.35,327.49,18.50M,1.57%
GOOG,Alphabet Inc Class C,1/27/2026,335,335.63,338.21,333.75,16.08M,0.42%
GOOG,Alphabet Inc Class C,1/28/2026,336.28,336.61,337.63,332.13,17.54M,0.38%
GOOG,Alphabet Inc Class C,1/29/2026,338.66,340.35,342.29,326.72,24.55M,0.71%
GOOG,Alphabet Inc Class C,1/30/2026,338.53,334.46,340.29,332.64,21.74M,-0.04%
GOOG,Alphabet Inc Class C,2/2/2026,344.9,336.55,345.17,336.01,22.78M,1.88%
GOOG,Alphabet Inc Class C,2/3/2026,340.7,348.52,350.15,338.59,25.79M,-1.22%
GOOG,Alphabet Inc Class C,2/4/2026,333.34,343.76,344.25,329.37,36.99M,-2.16%
GOOG,Alphabet Inc Class C,2/5/2026,331.33,313.2,332.64,306.92,51.84M,-0.60%
GOOG,Alphabet Inc Class C,2/6/2026,323.1,327.35,330.64,320.15,33.88M,-2.48%
GOOG,Alphabet Inc Class C,2/9/2026,324.4,321.24,327.74,317.7,26.10M,0.40%
GOOG,Alphabet Inc Class C,2/10/2026,318.63,320.91,321.63,314.66,25.28M,-1.78%
GOOG,Alphabet Inc Class C,2/11/2026,311.33,318.96,321.05,310.13,24.01M,-2.29%
GOOG,Alphabet Inc Class C,2/12/2026,309.37,312.35,316.48,308.15,28.19M,-0.63%
GOOG,Alphabet Inc Class C,2/13/2026,306.02,307.98,308.89,303.9,20.24M,-1.08%
GOOG,Alphabet Inc Class C,2/17/2026,302.82,300.64,304.89,296.9,23.75M,-1.05%
GOOG,Alphabet Inc Class C,2/18/2026,303.94,302.43,305.91,301.98,15.85M,0.37%
GOOG,Alphabet Inc Class C,2/19/2026,303.56,302.52,306.03,300.67,13.45M,-0.13%
GOOG,Alphabet Inc Class C,2/20/2026,314.9,304.8,316.76,304.42,33.66M,3.74%
GOOG,Alphabet Inc Class C,2/23/2026,311.69,319.14,319.45,309.99,17.64M,-1.02%
GOOG,Alphabet Inc Class C,2/24/2026,310.92,310.64,312.37,306.09,15.04M,-0.25%
GOOG,Alphabet Inc Class C,2/25/2026,313.03,312.12,313.66,309.36,20.21M,0.68%
GOOG,Alphabet Inc Class C,2/26/2026,307.15,312.8,313,302.41,22.38M,-1.88%
GOOG,Alphabet Inc Class C,2/27/2026,311.43,303.94,312.08,303.59,33.39M,1.39%
GOOG,Alphabet Inc Class C,3/2/2026,306.36,302.96,308.14,301.06,21.85M,-1.63%
GOOG,Alphabet Inc Class C,3/3/2026,303.56,298.42,303.94,296.7,20.36M,-0.91%
GOOG,Alphabet Inc Class C,3/4/2026,303.45,302.68,305.46,300.8,20.02M,-0.04%
GOOG,Alphabet Inc Class C,3/5/2026,300.91,303.2,303.37,298.07,22.64M,-0.84%
GOOG,Alphabet Inc Class C,3/6/2026,298.3,296.07,300.33,295.25,17.60M,-0.87%
GOOG,Alphabet Inc Class C,3/9/2026,306.01,294.14,306.5,293.93,19.63M,2.58%
GOOG,Alphabet Inc Class C,3/10/2026,306.93,305.88,309.15,305.31,14.39M,0.30%
GOOG,Alphabet Inc Class C,3/11/2026,308.42,306.3,311.07,305.84,13.38M,0.49%
GOOG,Alphabet Inc Class C,3/12/2026,303.21,306.21,308.64,300.84,15.61M,-1.69%
GOOG,Alphabet Inc Class C,3/13/2026,301.46,306.65,307.26,299.78,16.86M,-0.58%
GOOG,Alphabet Inc Class C,3/16/2026,304.42,303.6,305.57,301.81,14.82M,0.98%
GOOG,Alphabet Inc Class C,3/17/2026,309.41,304.67,310.05,304.35,14.42M,1.64%
GOOG,Alphabet Inc Class C,3/18/2026,306.3,307.9,310.75,305.55,13.85M,-1.01%
GOOG,Alphabet Inc Class C,3/19/2026,305.73,303.21,306.68,301,15.40M,-0.19%
GOOG,Alphabet Inc Class C,3/20/2026,298.79,304.07,304.37,296.75,34.76M,-2.27%
GOOG,Alphabet Inc Class C,3/23/2026,299.02,300.53,303.37,298.03,22.20M,0.08%
GOOG,Alphabet Inc Class C,3/24/2026,289.2,296.21,297.1,288.86,27.41M,-3.28%
GOOG,Alphabet Inc Class C,3/25/2026,289.59,292.15,294.66,287.37,22.34M,0.13%
GOOG,Alphabet Inc Class C,3/26/2026,280.74,286.19,286.52,279.05,29.28M,-3.06%
GOOG,Alphabet Inc Class C,3/27/2026,273.76,277.4,279.09,273.48,25.70M,-2.49%
GOOG,Alphabet Inc Class C,3/30/2026,273.14,275.44,276.26,271.54,22.75M,-0.23%
GOOG,Alphabet Inc Class C,3/31/2026,286.86,277.54,287.05,276.76,31.63M,5.02%
GOOG,Alphabet Inc Class C,4/1/2026,294.9,289.98,297.98,289.47,24.40M,2.80%
GOOG,Alphabet Inc Class C,4/2/2026,294.46,288.99,295.9,287.57,13.43M,-0.15%
GOOG,Alphabet Inc Class C,4/6/2026,297.66,294.7,298.42,293.79,10.12M,1.09%
GOOG,Alphabet Inc Class C,4/7/2026,303.93,300.14,304.1,295.42,17.32M,2.11%
GOOG,Alphabet Inc Class C,4/8/2026,314.74,317.83,319.39,312.7,20.89M,3.56%
GOOG,Alphabet Inc Class C,4/9/2026,316.37,313.19,317.43,309.47,14.61M,0.52%
GOOG,Alphabet Inc Class C,4/10/2026,315.72,318.23,319.5,314.54,12.00M,-0.21%
GOOG,Alphabet Inc Class C,4/13/2026,319.21,315.42,319.43,313.69,12.21M,1.11%
GOOG,Alphabet Inc Class C,4/14/2026,330.58,322.07,330.64,321.15,18.56M,3.56%
GOOG,Alphabet Inc Class C,4/15/2026,334.47,330.56,335,328.66,15.10M,1.18%
GOOG,Alphabet Inc Class C,4/16/2026,332.77,335.85,337.38,331.65,13.95M,-0.51%
GOOG,Alphabet Inc Class C,4/17/2026,339.4,334.43,339.98,333.29,19.68M,1.99%
GOOG,Alphabet Inc Class C,4/20/2026,335.4,338.56,339.16,334.63,12.90M,-1.18%
GOOG,Alphabet Inc Class C,4/21/2026,330.47,335.58,337.17,329.63,14.62M,-1.47%
GOOG,Alphabet Inc Class C,4/22/2026,337.73,334.89,338.03,332.96,12.95M,2.20%
GOOG,Alphabet Inc Class C,4/23/2026,337.75,339.58,340.16,335.06,13.44M,0.01%
GOOG,Alphabet Inc Class C,4/24/2026,342.32,337.72,343.69,334.05,18.26M,1.35%
GOOG,Alphabet Inc Class C,4/27/2026,348.52,343.88,350.9,340.81,17.44M,1.81%
GOOG,Alphabet Inc Class C,4/28/2026,347.5,346.92,349.9,344.28,18.50M,-0.29%
GOOG,Alphabet Inc Class C,4/29/2026,347.31,345.48,353.4,342.43,22.23M,-0.05%
GOOG,Alphabet Inc Class C,4/30/2026,381.94,371.26,382.63,363.09,44.57M,9.97%
GOOG,Alphabet Inc Class C,5/1/2026,383.22,377.98,383.39,375.26,28.05M,0.34%
GOOG,Alphabet Inc Class C,5/4/2026,379.64,382.32,384.18,376.77,18.28M,-0.93%
GOOG,Alphabet Inc Class C,5/5/2026,384.27,381.87,388.96,380.35,15.43M,1.22%
GOOG,Alphabet Inc Class C,5/6/2026,395.14,389.59,396.38,387.1,23.10M,2.83%
GOOG,Alphabet Inc Class C,5/7/2026,395.3,397.06,397.36,390.31,15.15M,0.04%
GOOG,Alphabet Inc Class C,5/8/2026,397.05,394.27,398.37,393.67,13.76M,0.44%
GOOG,Alphabet Inc Class C,5/11/2026,386.77,390.69,394.33,386.23,16.31M,-2.59%
GOOG,Alphabet Inc Class C,5/12/2026,383.82,385,386.44,379.72,17.10M,-0.76%
GOOG,Alphabet Inc Class C,5/13/2026,399.04,381.9,399.93,381.58,18.16M,3.97%
GOOG,Alphabet Inc Class C,5/14/2026,397.17,393.79,399.1,392.73,13.81M,-0.47%
GOOG,Alphabet Inc Class C,5/15/2026,393.32,393.21,395.88,389.76,15.80M,-0.97%
GOOG,Alphabet Inc Class C,5/18/2026,393.11,392.13,404.47,390.9,18.59M,-0.05%
GOOG,Alphabet Inc Class C,5/19/2026,384.9,393.3,393.36,383,25.56M,-2.09%
GOOG,Alphabet Inc Class C,5/20/2026,384.9,385.04,390.7,380,16.49M,0.00%
GOOG,Alphabet Inc Class C,5/21/2026,383.47,382.01,388.68,379.48,16.84M,-0.37%
GOOG,Alphabet Inc Class C,5/22/2026,379.38,383.26,384.87,378.26,13.38M,-1.07%
GOOG,Alphabet Inc Class C,5/26/2026,384.84,380.99,385.39,379.14,16.15M,1.44%
GOOG,Alphabet Inc Class C,5/27/2026,384.83,382.77,389.73,382,16.89M,0.00%
GOOG,Alphabet Inc Class C,5/28/2026,386.12,383.86,390,381.25,20.80M,0.34%
GOOG,Alphabet Inc Class C,5/29/2026,376.43,381.23,381.65,374.3,48.02M,-2.51%
GOOG,Alphabet Inc Class C,6/1/2026,372.58,372.58,374.6,369.71,19.09M,-1.02%
GOOG,Alphabet Inc Class C,6/2/2026,358.39,363.16,369.79,355,34.65M,-3.81%
GOOG,Alphabet Inc Class C,6/3/2026,355.68,358.33,362.5,354.38,43.03M,-0.76%
GOOG,Alphabet Inc Class C,6/4/2026,369.27,355.44,369.86,354.8,37.75M,3.82%
GOOG,Alphabet Inc Class C,6/5/2026,365.76,363.38,369.2,361.63,23.41M,-0.95%
GOOG,Alphabet Inc Class C,6/8/2026,361.17,362.48,363.38,357.89,18.74M,-1.25%
GOOG,Alphabet Inc Class C,6/9/2026,362.29,364.89,369.69,354.72,19.87M,0.31%
GOOG,Alphabet Inc Class C,6/10/2026,353.32,361.05,366.31,352.81,19.88M,-2.48%
GOOG,Alphabet Inc Class C,6/11/2026,356.56,353.05,358.01,343.63,28.77M,0.92%
GOOG,Alphabet Inc Class C,6/12/2026,358.16,361.1,364.77,353.34,17.66M,0.45%
GOOG,Alphabet Inc Class C,6/15/2026,367.11,365.99,370.65,364.65,17.27M,2.50%
GOOG,Alphabet Inc Class C,6/16/2026,371.1,367.46,373.6,365.32,16.49M,1.09%
GOOG,Alphabet Inc Class C,6/17/2026,362.1,367.05,370.15,360.23,16.00M,-2.43%
GOOG,Alphabet Inc Class C,6/18/2026,367.46,363.89,369,356.61,29.34M,1.48%
GOOG,Alphabet Inc Class C,6/22/2026,348.78,357.14,358.2,340.94,32.21M,-5.08%
GOOG,Alphabet Inc Class C,6/23/2026,346.08,340.11,348.72,339.71,21.82M,-0.77%
GOOG,Alphabet Inc Class C,6/24/2026,345.04,348.72,352.83,341.5,23.90M,-0.30%
GOOG,Alphabet Inc Class C,6/25/2026,342.19,336.92,343.19,335.9,27.69M,-0.83%
GOOG,Alphabet Inc Class C,6/26/2026,334.69,340.98,344.12,333.69,82.48M,-2.19%
GOOG,Alphabet Inc Class C,6/29/2026,351.28,339.95,351.97,338.81,25.57M,4.96%
GOOG,Alphabet Inc Class C,6/30/2026,353.33,350.96,355.39,348.11,21.28M,0.58%
GOOG,Alphabet Inc Class C,7/1/2026,357.89,354.61,359.56,353.23,19.55M,1.29%
GOOG,Alphabet Inc Class C,7/2/2026,356.18,356.15,360.99,350.32,15.55M,-0.48%
GOOG,Alphabet Inc Class C,7/6/2026,364.9,358.2,365.68,354.19,22.65M,2.45%
GOOG,Alphabet Inc Class C,7/7/2026,363.62,367.23,370.89,362.42,16.44M,-0.35%
GOOG,Alphabet Inc Class C,7/8/2026,358.71,362.21,364.98,354.7,14.71M,-1.35%
GOOG,Alphabet Inc Class C,7/9/2026,356.24,351.08,356.73,348.66,17.22M,-0.69%
GOOG,Alphabet Inc Class C,7/10/2026,355.03,354.95,355.68,350.7,11.62M,-0.34%
GOOG,Alphabet Inc Class C,7/13/2026,350.67,353.99,355.75,349.82,10.58M,-1.23%
GOOG,Alphabet Inc Class C,7/14/2026,357.33,348.84,357.88,348.84,11.25M,1.90%
GOOG,Alphabet Inc Class C,7/15/2026,370.21,356.01,372.14,355.67,20.26M,3.60%
GOOG,Alphabet Inc Class C,7/16/2026,353.81,372.17,374.35,351.67,23.60M,-4.43%
GOOG,Alphabet Inc Class C,7/17/2026,346.12,345.77,348.17,341.13,22.02M,-2.17%
GOOG,Alphabet Inc Class C,7/20/2026,351.37,350.17,359.49,350.01,13.20M,1.52%
GOOG,Alphabet Inc Class C,7/21/2026,346.19,350.56,350.74,346.01,17.42M,-1.47%
GOOG,Alphabet Inc Class C,7/22/2026,341.91,347.18,349.45,341.64,23.27M,-1.24%
GOOG,Alphabet Inc Class C,7/23/2026,318.34,321.63,324.45,314.89,46.75M,-6.89%
GOOG,Alphabet Inc Class C,7/24/2026,319.09,318.3,323.98,317.5,21.63M,0.24%
GOOG,Alphabet Inc Class C,7/27/2026,326.57,324.74,330.1,324.41,21.42M,2.34%
GOOG,Alphabet Inc Class C,7/28/2026,332.6,327.8,335.21,324.54,20.99M,1.85%
GOOG,Alphabet Inc Class C,7/29/2026,335.76,333.5,341.98,330.41,20.24M,0.95%
GOOG,Alphabet Inc Class C,7/30/2026,333.68,333.08,335.45,329.82,17.31M,-0.62%
GOOG,Alphabet Inc Class C,7/31/2026,356.65,340.07,358.88,339.16,30.51M,6.88%
GOOG,Alphabet Inc Class C,8/3/2026,372.47,365.3,376.1,363.26,27.17M,4.44%
GOOG,Alphabet Inc Class C,8/4/2026,375.35,366.52,377.67,366.16,19.98M,0.77%
GOOG,Alphabet Inc Class C,8/5/2026,360.13,380,381.81,355.16,29.44M,-4.05%
GOOG,Alphabet Inc Class C,8/6/2026,356.62,358.79,361.96,355.83,16.51M,-0.97%
GOOG,Alphabet Inc Class C,8/7/2026,353.47,355.28,357.55,352.82,14.52M,-0.88%
GOOG,Alphabet Inc Class C,8/10/2026,355.84,354.24,355.93,351.47,12.79M,0.67%
GOOG,Alphabet Inc Class C,8/11/2026,343,354,355,342.57,18.39M,-3.61%
GOOG,Alphabet Inc Class C,8/12/2026,342.37,345.33,345.5,339.82,15.61M,-0.18%
GOOG,Alphabet Inc Class C,8/13/2026,343.94,344.57,345.83,342.4,15.00M,0.46%
GOOG,Alphabet Inc Class C,8/14/2026,343.54,344.26,348.06,342.07,10.95M,-0.12%
GOOG,Alphabet Inc Class C,8/17/2026,341.45,344.06,345.05,339.57,12.61M,-0.61%
GOOG,Alphabet Inc Class C,8/18/2026,341.28,339.89,342.39,337.52,14.25M,-0.05%
GOOG,Alphabet Inc Class C,8/19/2026,341.7,339.81,343.56,338.05,13.36M,0.12%
GOOG,Alphabet Inc Class C,8/20/2026,338.2,339.69,340.8,336.17,14.19M,-1.02%
GOOG,Alphabet Inc Class C,8/21/2026,341.75,340.28,343.29,337.81,15.36M,1.05%
GOOG,Alphabet Inc Class C,8/24/2026,344.59,340.74,348.08,339.62,16.45M,0.83%
GOOG,Alphabet Inc Class C,8/25/2026,343.34,345.97,346.7,342.14,14.03M,-0.36%
GOOG,Alphabet Inc Class C,8/26/2026,339.1,343.18,343.19,337.01,16.18M,-1.23%
GOOG,Alphabet Inc Class C,8/27/2026,337.71,336.3,338.81,335.4,17.94M,-0.41%
GOOG,Alphabet Inc Class C,8/28/2026,342.88,337.61,345.43,337.28,17.84M,1.53%
GOOG,Alphabet Inc Class C,8/31/2026,335.41,340.02,340.63,333.43,23.20M,-2.18%
GOOG,Alphabet Inc Class C,9/1/2026,332.03,332.25,333.95,329.29,16.31M,-1.01%
GOOG,Alphabet Inc Class C,9/2/2026,333.78,330.77,336.51,329.52,13.00M,0.53%
GOOG,Alphabet Inc Class C,9/3/2026,339.08,336.51,340.85,336.31,12.86M,1.59%
GOOG,Alphabet Inc Class C,9/4/2026,335.31,339.18,340.18,333.75,12.70M,-1.11%
GOOG,Alphabet Inc Class C,9/8/2026,335.38,331.99,336.48,330.39,14.15M,0.02%
GOOG,Alphabet Inc Class C,9/9/2026,328.38,329.12,329.34,325.63,19.33M,-2.09%
GOOG,Alphabet Inc Class C,9/10/2026,330.39,326.08,330.89,325.65,16.42M,0.61%
GOOG,Alphabet Inc Class C,9/11/2026,335.45,332.73,339.95,332.55,15.82M,1.53%
GOOG,Alphabet Inc Class C,9/14/2026,345.71,339.11,346.45,338.74,22.48M,3.06%
GOOG,Alphabet Inc Class C,9/15/2026,341.43,343.34,344.36,339.18,13.36M,-1.24%
GOOG,Alphabet Inc Class C,9/16/2026,339.36,343.36,344.7,337.45,12.87M,-0.61%
GOOG,Alphabet Inc Class C,9/17/2026,343.68,345,345.96,340.5,15.32M,1.27%
GOOG,Alphabet Inc Class C,9/18/2026,344.41,351.22,355.13,343.87,34.11M,0.21%
GOOG,Alphabet Inc Class C,9/21/2026,350.87,346.19,353.3,344.8,18.25M,1.88%
GOOG,Alphabet Inc Class C,9/22/2026,347.41,353.24,359.98,345.74,20.17M,-0.99%
GOOG,Alphabet Inc Class C,9/23/2026,334.98,346.3,346.33,334.2,23.28M,-3.58%
GOOG,Alphabet Inc Class C,9/24/2026,339.01,333,339.31,332.81,15.96M,1.20%
GOOG,Alphabet Inc Class C,9/25/2026,341.08,338.92,343.6,337.91,13.86M,0.61%
GOOG,Alphabet Inc Class C,9/28/2026,339.16,337.6,340.11,336.6,13.87M,-0.56%
GOOG,Alphabet Inc Class C,9/29/2026,337.32,338.54,339.64,335.02,14.00M,-0.54%
LLY,Eli Lilly and Co,9/2/2025,735.19,727.99,737.14,723.64,3.22M,0.36%
LLY,Eli Lilly and Co,9/3/2025,737.83,732.02,737.83,729.02,2.22M,0.36%
LLY,Eli Lilly and Co,9/4/2025,742.91,736.32,747,735.33,2.42M,0.69%
LLY,Eli Lilly and Co,9/5/2025,727.21,744.7,744.7,722.57,3.96M,-2.11%
LLY,Eli Lilly and Co,9/8/2025,738.64,729.71,742.7,719.22,4.53M,1.57%
LLY,Eli Lilly and Co,9/9/2025,750.61,734.18,752.84,733.87,2.99M,1.62%
LLY,Eli Lilly and Co,9/10/2025,754.62,748.09,755.8,742.48,2.48M,0.53%
LLY,Eli Lilly and Co,9/11/2025,756.28,752.48,761.13,750.37,2.20M,0.22%
LLY,Eli Lilly and Co,9/12/2025,755.39,760.17,761.6,748,2.20M,-0.12%
LLY,Eli Lilly and Co,9/15/2025,748.19,753.07,756.34,742.11,2.79M,-0.95%
LLY,Eli Lilly and Co,9/16/2025,764.71,745.41,770.38,744.54,3.88M,2.21%
LLY,Eli Lilly and Co,9/17/2025,760.13,761.48,776.96,756.34,3.47M,-0.60%
LLY,Eli Lilly and Co,9/18/2025,762.93,761.38,772.53,759.01,3.46M,0.37%
LLY,Eli Lilly and Co,9/19/2025,751.99,765,765,749.2,7.35M,-1.43%
LLY,Eli Lilly and Co,9/22/2025,754.95,748.56,762.04,746.27,2.53M,0.39%
LLY,Eli Lilly and Co,9/23/2025,746.98,750.57,753,743.17,2.91M,-1.06%
LLY,Eli Lilly and Co,9/24/2025,741.85,745.99,746.94,736.16,2.24M,-0.69%
LLY,Eli Lilly and Co,9/25/2025,714.59,737.67,740,712.05,5.14M,-3.67%
LLY,Eli Lilly and Co,9/26/2025,724.54,724.12,729,717.08,3.56M,1.39%
LLY,Eli Lilly and Co,9/29/2025,726.51,725.55,727.86,716.08,3.31M,0.27%
LLY,Eli Lilly and Co,9/30/2025,763,726.96,766.35,725.31,6.23M,5.02%
LLY,Eli Lilly and Co,10/1/2025,825.42,763.3,833.3,763.3,10.12M,8.18%
LLY,Eli Lilly and Co,10/2/2025,819.85,814.35,834.46,812.81,4.29M,-0.67%
LLY,Eli Lilly and Co,10/3/2025,839.87,824.94,848.13,816.1,5.09M,2.44%
LLY,Eli Lilly and Co,10/6/2025,845.05,839.95,856.57,838.66,3.65M,0.62%
LLY,Eli Lilly and Co,10/7/2025,843.63,845,848.54,836.58,2.61M,-0.17%
LLY,Eli Lilly and Co,10/8/2025,845.72,850,856,844.99,2.18M,0.25%
LLY,Eli Lilly and Co,10/9/2025,855.35,851.69,860.25,845.7,3.07M,1.14%
LLY,Eli Lilly and Co,10/10/2025,833.49,858,864.35,830.11,3.43M,-2.56%
LLY,Eli Lilly and Co,10/13/2025,819.4,832.68,835.32,817.35,2.17M,-1.69%
LLY,Eli Lilly and Co,10/14/2025,812.35,822.09,822.09,806,1.93M,-0.86%
LLY,Eli Lilly and Co,10/15/2025,826.57,812.5,830.19,808.58,2.36M,1.75%
LLY,Eli Lilly and Co,10/16/2025,819.38,825.07,834.7,815.37,2.27M,-0.87%
LLY,Eli Lilly and Co,10/17/2025,802.83,788.96,804.44,783.85,3.98M,-2.02%
LLY,Eli Lilly and Co,10/20/2025,808.96,805.6,809.41,799.77,2.28M,0.76%
LLY,Eli Lilly and Co,10/21/2025,799.57,806.93,812.99,798.71,2.10M,-1.16%
LLY,Eli Lilly and Co,10/22/2025,812.43,798.4,815.94,793.82,2.93M,1.61%
LLY,Eli Lilly and Co,10/23/2025,821.04,806.4,824.7,806.02,2.63M,1.06%
LLY,Eli Lilly and Co,10/24/2025,825.45,815.21,834.15,812.5,2.21M,0.54%
LLY,Eli Lilly and Co,10/27/2025,826.41,825,826.42,811.48,2.11M,0.12%
LLY,Eli Lilly and Co,10/28/2025,820.1,826,829.46,814.05,2.49M,-0.76%
LLY,Eli Lilly and Co,10/29/2025,813.53,827.31,830.29,809.63,3.59M,-0.80%
LLY,Eli Lilly and Co,10/30/2025,844.5,837.5,853,812.25,6.04M,3.81%
LLY,Eli Lilly and Co,10/31/2025,862.86,839.16,869.91,834.19,5.02M,2.17%
LLY,Eli Lilly and Co,11/3/2025,896.53,866.53,901.34,862.62,5.40M,3.90%
LLY,Eli Lilly and Co,11/4/2025,906.86,891.41,915.22,883.64,5.91M,1.15%
LLY,Eli Lilly and Co,11/5/2025,925.81,911,955.46,907.86,7.27M,2.09%
LLY,Eli Lilly and Co,11/6/2025,937.44,928,949.9,916.26,6.42M,1.26%
LLY,Eli Lilly and Co,11/7/2025,924.37,931.17,932,900.9,4.37M,-1.39%
LLY,Eli Lilly and Co,11/10/2025,966.64,939.74,981.99,938.41,5.70M,4.57%
LLY,Eli Lilly and Co,11/11/2025,988.62,966.55,999.95,965.28,4.17M,2.27%
LLY,Eli Lilly and Co,11/12/2025,1017.78,993.12,1022.42,990.1,5.19M,2.95%
LLY,Eli Lilly and Co,11/13/2025,1022.87,1010.09,1032.95,1010.09,4.15M,0.50%
LLY,Eli Lilly and Co,11/14/2025,1025.28,1009,1033.62,1007.78,3.86M,0.24%
LLY,Eli Lilly and Co,11/17/2025,1021.7,1003.72,1032.14,998.3,4.72M,-0.35%
LLY,Eli Lilly and Co,11/18/2025,1030.05,1014.01,1040.72,1014.01,3.43M,0.82%
LLY,Eli Lilly and Co,11/19/2025,1049.6,1029.64,1055.59,1026.25,3.57M,1.90%
LLY,Eli Lilly and Co,11/20/2025,1043.29,1045.5,1057,1038.25,3.14M,-0.60%
LLY,Eli Lilly and Co,11/21/2025,1059.7,1041,1066.65,1038,4.27M,1.57%
LLY,Eli Lilly and Co,11/24/2025,1070.16,1056.77,1075.72,1049.38,5.50M,0.99%
LLY,Eli Lilly and Co,11/25/2025,1109.94,1075.82,1111.11,1073.25,4.18M,3.72%
LLY,Eli Lilly and Co,11/26/2025,1104.34,1102,1111.99,1098.1,3.09M,-0.50%
LLY,Eli Lilly and Co,11/28/2025,1075.47,1096.72,1099.05,1067.69,2.73M,-2.61%
LLY,Eli Lilly and Co,12/1/2025,1057.89,1074.38,1084.15,1055,3.07M,-1.63%
LLY,Eli Lilly and Co,12/2/2025,1046.12,1052.57,1068.18,1040.36,3.28M,-1.11%
LLY,Eli Lilly and Co,12/3/2025,1033.56,1046.39,1051.48,1022.32,3.45M,-1.20%
LLY,Eli Lilly and Co,12/4/2025,1014.49,1032.63,1032.63,1007.18,3.85M,-1.85%
LLY,Eli Lilly and Co,12/5/2025,1010.31,1023.84,1027.39,1004,2.50M,-0.41%
LLY,Eli Lilly and Co,12/8/2025,997.59,1010.74,1014.2,988.88,3.09M,-1.26%
LLY,Eli Lilly and Co,12/9/2025,982.22,1002.84,1012,979.18,2.57M,-1.54%
LLY,Eli Lilly and Co,12/10/2025,993.64,985,1003,977.12,2.97M,1.16%
LLY,Eli Lilly and Co,12/11/2025,1009.38,1008.15,1031.56,987,4.52M,1.58%
LLY,Eli Lilly and Co,12/12/2025,1027.51,1008.76,1028.9,1003.5,3.28M,1.80%
LLY,Eli Lilly and Co,12/15/2025,1062.19,1032.55,1065,1032.55,4.65M,3.38%
LLY,Eli Lilly and Co,12/16/2025,1054.29,1063.5,1068.25,1036.23,4.02M,-0.74%
LLY,Eli Lilly and Co,12/17/2025,1041.79,1064.3,1064.3,1036.41,3.73M,-1.19%
LLY,Eli Lilly and Co,12/18/2025,1056.88,1041.8,1079.26,1039.54,3.85M,1.45%
LLY,Eli Lilly and Co,12/19/2025,1071.44,1059.01,1075.38,1059.01,5.83M,1.38%
LLY,Eli Lilly and Co,12/22/2025,1076.48,1076.72,1083.48,1063,2.63M,0.47%
LLY,Eli Lilly and Co,12/23/2025,1071.64,1063.5,1088.48,1063.5,2.11M,-0.45%
LLY,Eli Lilly and Co,12/24/2025,1076.98,1074.64,1085.73,1072.71,932.80K,0.50%
LLY,Eli Lilly and Co,12/26/2025,1077.75,1076.98,1081.39,1068.3,1.01M,0.07%
LLY,Eli Lilly and Co,12/29/2025,1078.73,1077.95,1085.5,1074.38,1.65M,0.09%
LLY,Eli Lilly and Co,12/30/2025,1079.75,1078.96,1082.37,1072.07,1.25M,0.09%
LLY,Eli Lilly and Co,12/31/2025,1074.68,1079.76,1083.5,1074.43,1.65M,-0.47%
LLY,Eli Lilly and Co,1/2/2026,1080.36,1076.4,1080.66,1052.08,2.47M,0.53%
LLY,Eli Lilly and Co,1/5/2026,1041.51,1069.23,1085.38,1033.38,4.08M,-3.60%
LLY,Eli Lilly and Co,1/6/2026,1064.04,1044.11,1070.83,1039.93,2.69M,2.16%
LLY,Eli Lilly and Co,1/7/2026,1108.09,1077,1117.66,1075.96,4.65M,4.14%
LLY,Eli Lilly and Co,1/8/2026,1085.19,1113.69,1133.95,1070.15,3.16M,-2.07%
LLY,Eli Lilly and Co,1/9/2026,1063.56,1086.82,1104.52,1063.03,2.56M,-1.99%
LLY,Eli Lilly and Co,1/12/2026,1081,1058,1083.36,1058,2.38M,1.64%
LLY,Eli Lilly and Co,1/13/2026,1077.19,1083,1090.22,1069.09,2.19M,-0.35%
LLY,Eli Lilly and Co,1/14/2026,1073.29,1081.75,1084,1061.12,1.91M,-0.36%
LLY,Eli Lilly and Co,1/15/2026,1032.97,1062.56,1067.65,1012.57,4.18M,-3.76%
LLY,Eli Lilly and Co,1/16/2026,1038.4,1024.43,1049.94,1018,3.83M,0.53%
LLY,Eli Lilly and Co,1/20/2026,1041.29,1028.15,1045.85,1015.96,2.48M,0.28%
LLY,Eli Lilly and Co,1/21/2026,1078.52,1043.86,1081.33,1042.02,3.69M,3.58%
LLY,Eli Lilly and Co,1/22/2026,1087.38,1078.52,1095.48,1071.74,2.48M,0.82%
LLY,Eli Lilly and Co,1/23/2026,1064.29,1083.73,1084.32,1063.02,2.59M,-2.12%
LLY,Eli Lilly and Co,1/26/2026,1062.75,1062.21,1067.08,1043.32,2.24M,-0.14%
LLY,Eli Lilly and Co,1/27/2026,1039.51,1064.11,1073.39,1034.81,2.59M,-2.19%
LLY,Eli Lilly and Co,1/28/2026,1023.8,1029.11,1029.69,1004.14,3.30M,-1.51%
LLY,Eli Lilly and Co,1/29/2026,1024.14,1025.36,1040,1018,2.29M,0.03%
LLY,Eli Lilly and Co,1/30/2026,1037.15,1033.3,1048.57,1020,3.30M,1.27%
LLY,Eli Lilly and Co,2/2/2026,1044.13,1037.57,1057.41,1037.57,2.76M,0.67%
LLY,Eli Lilly and Co,2/3/2026,1003.46,1040.75,1048.8,993.58,5.48M,-3.90%
LLY,Eli Lilly and Co,2/4/2026,1107.12,1075.12,1114,1065,7.12M,10.33%
LLY,Eli Lilly and Co,2/5/2026,1020.84,1065.5,1075,1005.83,7.74M,-7.79%
LLY,Eli Lilly and Co,2/6/2026,1058.18,1056,1060.02,1033.27,4.89M,3.66%
LLY,Eli Lilly and Co,2/9/2026,1044.67,1077.09,1106.94,1042.92,3.42M,-1.28%
LLY,Eli Lilly and Co,2/10/2026,1025,1050.66,1055.65,1023.88,3.54M,-1.88%
LLY,Eli Lilly and Co,2/11/2026,1015.21,1026.5,1030.1,1012.62,2.60M,-0.96%
LLY,Eli Lilly and Co,2/12/2026,1038.27,1024.87,1059.84,1012,3.59M,2.27%
LLY,Eli Lilly and Co,2/13/2026,1040,1039.98,1064.34,1033.69,2.70M,0.17%
LLY,Eli Lilly and Co,2/17/2026,1036.05,1045.61,1067,1034.88,2.98M,-0.38%
LLY,Eli Lilly and Co,2/18/2026,1020.56,1032.36,1037.54,1011.31,3.24M,-1.50%
LLY,Eli Lilly and Co,2/19/2026,1023.22,1010.82,1025.22,1007,2.15M,0.26%
LLY,Eli Lilly and Co,2/20/2026,1009.52,1023.86,1028.65,1002.46,3.25M,-1.34%
LLY,Eli Lilly and Co,2/23/2026,1058.56,1047.02,1064.45,1034,4.77M,4.86%
LLY,Eli Lilly and Co,2/24/2026,1042.15,1042.95,1058.9,1024.08,2.80M,-1.55%
LLY,Eli Lilly and Co,2/25/2026,1028.83,1036.58,1053.63,1027,2.48M,-1.28%
LLY,Eli Lilly and Co,2/26/2026,1022.02,1024.08,1026.92,1007.38,2.67M,-0.66%
LLY,Eli Lilly and Co,2/27/2026,1051.99,1019.17,1053,1017.36,4.33M,2.93%
LLY,Eli Lilly and Co,3/2/2026,1017.97,1044.62,1056.2,1013,3.09M,-3.23%
LLY,Eli Lilly and Co,3/3/2026,1007.73,1015,1020.01,995.07,2.85M,-1.01%
LLY,Eli Lilly and Co,3/4/2026,1003.57,1011.63,1015.66,993.66,1.97M,-0.41%
LLY,Eli Lilly and Co,3/5/2026,983.26,990,993.56,965.6,3.77M,-2.02%
LLY,Eli Lilly and Co,3/6/2026,990.33,975,991.22,966.09,2.63M,0.72%
LLY,Eli Lilly and Co,3/9/2026,1008.39,986.89,1008.93,980.58,2.80M,1.82%
LLY,Eli Lilly and Co,3/10/2026,1001.35,1006,1012,994,1.66M,-0.70%
LLY,Eli Lilly and Co,3/11/2026,999.84,1000.03,1002.93,990.3,1.45M,-0.15%
LLY,Eli Lilly and Co,3/12/2026,977.25,993.45,994.5,973.16,2.34M,-2.26%
LLY,Eli Lilly and Co,3/13/2026,985.08,980.13,1003.22,978,1.98M,0.80%
LLY,Eli Lilly and Co,3/16/2026,989.12,991.98,998.17,975.51,2.29M,0.41%
LLY,Eli Lilly and Co,3/17/2026,930.35,978.92,981.16,925.25,5.64M,-5.94%
LLY,Eli Lilly and Co,3/18/2026,918.05,925,929,905.11,3.44M,-1.32%
LLY,Eli Lilly and Co,3/19/2026,917.5,914,924.53,910.86,2.38M,-0.06%
LLY,Eli Lilly and Co,3/20/2026,906.7,910.55,925.38,899.29,4.82M,-1.18%
LLY,Eli Lilly and Co,3/23/2026,910.55,913.49,926.78,907.23,2.82M,0.42%
LLY,Eli Lilly and Co,3/24/2026,903.02,907,908.67,895.61,2.57M,-0.83%
LLY,Eli Lilly and Co,3/25/2026,916.31,912.49,922.15,909.09,2.18M,1.47%
LLY,Eli Lilly and Co,3/26/2026,897,912.38,916.35,896.29,2.16M,-2.11%
LLY,Eli Lilly and Co,3/27/2026,878.24,896,900.83,877.11,2.74M,-2.09%
LLY,Eli Lilly and Co,3/30/2026,886.63,888.48,897.43,883.11,3.07M,0.96%
LLY,Eli Lilly and Co,3/31/2026,919.77,893.49,924.14,892.14,3.46M,3.74%
LLY,Eli Lilly and Co,4/1/2026,954.52,926.88,976.68,925.99,6.27M,3.78%
LLY,Eli Lilly and Co,4/2/2026,935.58,945,957.69,930.02,2.73M,-1.98%
LLY,Eli Lilly and Co,4/6/2026,927.06,932.04,936,919.78,1.82M,-0.91%
LLY,Eli Lilly and Co,4/7/2026,931.09,924.5,932.66,898.45,2.73M,0.43%
LLY,Eli Lilly and Co,4/8/2026,953.3,941.52,961.14,933.13,2.57M,2.39%
LLY,Eli Lilly and Co,4/9/2026,955.19,948.47,963.76,939.29,1.67M,0.20%
LLY,Eli Lilly and Co,4/10/2026,939.47,963.69,963.94,935.54,1.96M,-1.65%
LLY,Eli Lilly and Co,4/13/2026,929.55,939.97,945.9,927.17,2.09M,-1.06%
LLY,Eli Lilly and Co,4/14/2026,922.5,925,939.93,915.04,2.36M,-0.76%
LLY,Eli Lilly and Co,4/15/2026,905.03,923.5,930,888.03,4.23M,-1.89%
LLY,Eli Lilly and Co,4/16/2026,903.99,911.66,920,898.15,2.84M,-0.11%
LLY,Eli Lilly and Co,4/17/2026,927.03,917.8,929.99,917.8,3.27M,2.55%
LLY,Eli Lilly and Co,4/20/2026,919.9,926.9,929.64,912.5,1.93M,-0.77%
LLY,Eli Lilly and Co,4/21/2026,903.02,910.2,913.05,881.11,4.06M,-1.83%
LLY,Eli Lilly and Co,4/22/2026,921.48,906.4,922.54,902.23,2.62M,2.04%
LLY,Eli Lilly and Co,4/23/2026,917.65,929.49,930,911.89,2.15M,-0.42%
LLY,Eli Lilly and Co,4/24/2026,883.96,900.01,900.42,871.73,4.46M,-3.67%
LLY,Eli Lilly and Co,4/27/2026,868.27,878.13,891.2,868.04,2.70M,-1.77%
LLY,Eli Lilly and Co,4/28/2026,874,871.9,878.15,863.35,2.56M,0.66%
LLY,Eli Lilly and Co,4/29/2026,851.21,866.04,869.02,850.51,3.90M,-2.61%
LLY,Eli Lilly and Co,4/30/2026,934.6,898.78,945.5,896.8,8.24M,9.80%
LLY,Eli Lilly and Co,5/1/2026,963.33,948.95,984.45,943.8,4.35M,3.07%
LLY,Eli Lilly and Co,5/4/2026,967.93,960,974.22,951.76,3.70M,0.48%
LLY,Eli Lilly and Co,5/5/2026,988.87,971.89,992.8,964.41,2.96M,2.16%
LLY,Eli Lilly and Co,5/6/2026,987.05,991.35,996.48,983.5,3.92M,-0.18%
LLY,Eli Lilly and Co,5/7/2026,974.96,985.37,989,967.1,3.49M,-1.22%
LLY,Eli Lilly and Co,5/8/2026,948.45,974.07,980,947.51,3.56M,-2.72%
LLY,Eli Lilly and Co,5/11/2026,966.99,949,995,943.26,3.52M,1.95%
LLY,Eli Lilly and Co,5/12/2026,989.87,974.44,997.52,971.17,3.04M,2.37%
LLY,Eli Lilly and Co,5/13/2026,1015.75,994.75,1022.82,992,3.49M,2.61%
LLY,Eli Lilly and Co,5/14/2026,1006.7,1017.49,1018.17,996.01,1.75M,-0.89%
LLY,Eli Lilly and Co,5/15/2026,1004.92,1006.98,1014.38,997.41,2.82M,-0.18%
LLY,Eli Lilly and Co,5/18/2026,988.09,1000.61,1003,978.87,2.02M,-1.67%
LLY,Eli Lilly and Co,5/19/2026,1021.41,989.51,1021.8,984.6,3.80M,3.37%
LLY,Eli Lilly and Co,5/20/2026,1018.87,1024.99,1037.88,1003.69,3.00M,-0.25%
LLY,Eli Lilly and Co,5/21/2026,1041.65,1024.3,1047.3,1022,2.71M,2.24%
LLY,Eli Lilly and Co,5/22/2026,1065,1049.81,1070.34,1047.07,3.47M,2.24%
LLY,Eli Lilly and Co,5/26/2026,1064.74,1075,1082,1060.36,2.98M,-0.02%
LLY,Eli Lilly and Co,5/27/2026,1082.92,1072.26,1093,1069.9,2.59M,1.71%
LLY,Eli Lilly and Co,5/28/2026,1126.8,1096.64,1149.1,1092.01,4.61M,4.05%
LLY,Eli Lilly and Co,5/29/2026,1105,1127,1132.66,1089.01,4.60M,-1.93%
LLY,Eli Lilly and Co,6/1/2026,1082.2,1095,1106.17,1071.6,2.69M,-2.06%
LLY,Eli Lilly and Co,6/2/2026,1064.15,1067.37,1078.22,1052.15,2.41M,-1.67%
LLY,Eli Lilly and Co,6/3/2026,1078.78,1059.5,1093.28,1053.51,2.66M,1.37%
LLY,Eli Lilly and Co,6/4/2026,1125.27,1108.6,1140.46,1101.62,4.05M,4.31%
LLY,Eli Lilly and Co,6/5/2026,1131.42,1142.97,1166.29,1131.03,4.13M,0.55%
LLY,Eli Lilly and Co,6/8/2026,1149.15,1159,1182.73,1143.59,4.50M,1.57%
LLY,Eli Lilly and Co,6/9/2026,1144.68,1165,1174.59,1137.75,3.82M,-0.39%
LLY,Eli Lilly and Co,6/10/2026,1136.37,1152.5,1166.42,1133.53,2.70M,-0.73%
LLY,Eli Lilly and Co,6/11/2026,1160.95,1139.71,1170.12,1125.64,2.76M,2.16%
LLY,Eli Lilly and Co,6/12/2026,1133,1165,1169.99,1132.81,2.44M,-2.41%
LLY,Eli Lilly and Co,6/15/2026,1129.35,1134,1137.49,1112.01,3.17M,-0.32%
LLY,Eli Lilly and Co,6/16/2026,1122.5,1138.82,1146.69,1115.5,2.26M,-0.61%
LLY,Eli Lilly and Co,6/17/2026,1112,1116.7,1121.49,1104.9,2.38M,-0.94%
LLY,Eli Lilly and Co,6/18/2026,1098.57,1120.49,1122.33,1088.66,4.47M,-1.21%
LLY,Eli Lilly and Co,6/22/2026,1102.08,1112.24,1119.45,1093.15,3.02M,0.32%
LLY,Eli Lilly and Co,6/23/2026,1107.08,1117,1122.02,1079.22,3.32M,0.45%
LLY,Eli Lilly and Co,6/24/2026,1117.26,1129.41,1135.14,1100.98,2.91M,0.92%
LLY,Eli Lilly and Co,6/25/2026,1127.69,1126.99,1145.43,1114,2.76M,0.93%
LLY,Eli Lilly and Co,6/26/2026,1208.12,1128.8,1215.76,1128,7.73M,7.13%
LLY,Eli Lilly and Co,6/29/2026,1229.93,1222.78,1238,1203.14,3.68M,1.81%
LLY,Eli Lilly and Co,6/30/2026,1199.43,1228.88,1230.05,1190.2,3.72M,-2.48%
LLY,Eli Lilly and Co,7/1/2026,1191.74,1217.51,1217.51,1173.93,2.72M,-0.64%
LLY,Eli Lilly and Co,7/2/2026,1213.91,1193.01,1232,1180.3,3.30M,1.86%
LLY,Eli Lilly and Co,7/6/2026,1200.06,1208,1213.79,1183.34,2.35M,-1.14%
LLY,Eli Lilly and Co,7/7/2026,1235.56,1232.88,1249.45,1222.77,2.93M,2.96%
LLY,Eli Lilly and Co,7/8/2026,1215.83,1221.09,1241.89,1204.16,2.61M,-1.60%
LLY,Eli Lilly and Co,7/9/2026,1216.95,1211.64,1230,1200.37,2.09M,0.09%
LLY,Eli Lilly and Co,7/10/2026,1188.58,1210.31,1212.96,1178.32,2.01M,-2.33%
LLY,Eli Lilly and Co,7/13/2026,1181.87,1180.11,1196.29,1166.01,2.07M,-0.56%
LLY,Eli Lilly and Co,7/14/2026,1152.54,1166.01,1166.01,1140.74,2.64M,-2.48%
LLY,Eli Lilly and Co,7/15/2026,1156.63,1145.5,1160.82,1134.4,2.55M,0.35%
LLY,Eli Lilly and Co,7/16/2026,1169.17,1162.27,1189.07,1141.2,2.79M,1.08%
LLY,Eli Lilly and Co,7/17/2026,1179.11,1159.44,1187.95,1151.01,2.76M,0.85%
LLY,Eli Lilly and Co,7/20/2026,1146.9,1179.65,1187.12,1144.43,2.64M,-2.73%
LLY,Eli Lilly and Co,7/21/2026,1175.41,1143,1177.58,1139,2.09M,2.49%
LLY,Eli Lilly and Co,7/22/2026,1163.01,1173.91,1175,1153.5,1.56M,-1.05%
LLY,Eli Lilly and Co,7/23/2026,1185.87,1146.61,1189.59,1141.78,1.91M,1.97%
LLY,Eli Lilly and Co,7/24/2026,1196.03,1194.35,1206.94,1187.5,1.98M,0.86%
LLY,Eli Lilly and Co,7/27/2026,1197.53,1201,1205.05,1183.45,1.59M,0.13%
LLY,Eli Lilly and Co,7/28/2026,1220.66,1217.6,1232,1205.01,2.38M,1.93%
LLY,Eli Lilly and Co,7/29/2026,1210.02,1215.18,1229.19,1204.8,2.17M,-0.87%
LLY,Eli Lilly and Co,7/30/2026,1154.97,1174.03,1186.65,1153.14,3.03M,-4.55%
LLY,Eli Lilly and Co,7/31/2026,1148.84,1148.51,1150.63,1119,2.88M,-0.53%
LLY,Eli Lilly and Co,8/3/2026,1121.36,1152,1161.94,1109.15,2.93M,-2.39%
LLY,Eli Lilly and Co,8/4/2026,1115.68,1117.38,1135.83,1109.16,4.10M,-0.51%
LLY,Eli Lilly and Co,8/5/2026,1169.86,1174,1216.94,1138.43,6.45M,4.86%
LLY,Eli Lilly and Co,8/6/2026,1191.94,1196.55,1230.88,1173.5,3.42M,1.89%
LLY,Eli Lilly and Co,8/7/2026,1185.71,1188,1196.8,1161.2,2.90M,-0.52%
LLY,Eli Lilly and Co,8/10/2026,1231.94,1185.01,1231.94,1184.41,3.01M,3.90%
LLY,Eli Lilly and Co,8/11/2026,1215.02,1230.65,1238,1209.53,2.11M,-1.37%
LLY,Eli Lilly and Co,8/12/2026,1220.28,1201.73,1226.5,1191.08,1.94M,0.43%
LLY,Eli Lilly and Co,8/13/2026,1209,1238.3,1240.1,1206,1.93M,-0.92%
LLY,Eli Lilly and Co,8/14/2026,1180.16,1194.01,1199,1171.2,2.27M,-2.39%
LLY,Eli Lilly and Co,8/17/2026,1183.16,1175.2,1198.52,1163.5,1.81M,0.25%
LLY,Eli Lilly and Co,8/18/2026,1225.73,1200,1228.47,1194.01,2.51M,3.60%
LLY,Eli Lilly and Co,8/19/2026,1280.34,1245.81,1292.65,1240.54,4.54M,4.46%
LLY,Eli Lilly and Co,8/20/2026,1244.4,1274.13,1280.28,1243.23,2.62M,-2.81%
LLY,Eli Lilly and Co,8/21/2026,1255.4,1232,1271.22,1230,2.50M,0.88%
LLY,Eli Lilly and Co,8/24/2026,1246.93,1262.14,1262.14,1230.95,1.67M,-0.67%
LLY,Eli Lilly and Co,8/25/2026,1233.66,1249,1264.73,1229.79,2.14M,-1.06%
LLY,Eli Lilly and Co,8/26/2026,1189.41,1234,1235.78,1180.01,3.01M,-3.59%
LLY,Eli Lilly and Co,8/27/2026,1176.1,1182.25,1190.11,1171.71,2.74M,-1.12%
LLY,Eli Lilly and Co,8/28/2026,1174.61,1172.66,1180,1162.93,2.45M,-0.13%
LLY,Eli Lilly and Co,8/31/2026,1156.73,1168.47,1171.45,1147,3.06M,-1.52%
LLY,Eli Lilly and Co,9/1/2026,1160,1188,1188.32,1156.85,2.52M,0.28%
LLY,Eli Lilly and Co,9/2/2026,1160.08,1164.15,1187.83,1158,2.45M,0.01%
LLY,Eli Lilly and Co,9/3/2026,1159.6,1170,1171.66,1137.5,2.55M,-0.04%
LLY,Eli Lilly and Co,9/4/2026,1149.36,1150.61,1158.44,1138.31,2.22M,-0.88%
LLY,Eli Lilly and Co,9/8/2026,1123.91,1133,1134.53,1113.55,2.40M,-2.21%
LLY,Eli Lilly and Co,9/9/2026,1124.21,1127.61,1138.79,1119,2.05M,0.03%
LLY,Eli Lilly and Co,9/10/2026,1123,1126.08,1133.79,1120.52,2.00M,-0.11%
LLY,Eli Lilly and Co,9/11/2026,1115.7,1129.41,1131.44,1113.29,1.84M,-0.65%
LLY,Eli Lilly and Co,9/14/2026,1138.28,1142.2,1153.95,1130.5,2.13M,2.02%
LLY,Eli Lilly and Co,9/15/2026,1136.11,1156.63,1161,1131.59,1.89M,-0.19%
LLY,Eli Lilly and Co,9/16/2026,1137.82,1137.31,1151.23,1132.63,1.48M,0.15%
LLY,Eli Lilly and Co,9/17/2026,1152.44,1150.27,1159.75,1138.26,1.90M,1.28%
LLY,Eli Lilly and Co,9/18/2026,1152.93,1150,1157.6,1140.27,4.55M,0.04%
LLY,Eli Lilly and Co,9/21/2026,1164.89,1144.49,1170.9,1134.41,2.48M,1.04%
LLY,Eli Lilly and Co,9/22/2026,1170.14,1146.15,1180.53,1139.26,2.45M,0.45%
LLY,Eli Lilly and Co,9/23/2026,1150.99,1174.71,1188.88,1145.98,2.16M,-1.64%
LLY,Eli Lilly and Co,9/24/2026,1181.89,1156.67,1197.79,1151,2.42M,2.68%
LLY,Eli Lilly and Co,9/25/2026,1183.46,1185.32,1190,1160.84,1.92M,0.13%
LLY,Eli Lilly and Co,9/28/2026,1184.78,1180.3,1194.09,1172.56,1.97M,0.11%
LLY,Eli Lilly and Co,9/29/2026,1184.63,1186.05,1192.94,1168.47,1.66M,-0.01%
NVT,nVent Electric PLC,9/2/2025,89.48,88.32,89.57,87.16,1.23M,-1.01%
NVT,nVent Electric PLC,9/3/2025,89.49,89.55,89.84,88.52,1.05M,0.01%
NVT,nVent Electric PLC,9/4/2025,91.93,90.38,92,89.34,2.30M,2.73%
NVT,nVent Electric PLC,9/5/2025,92.8,92.68,93.32,89.9,1.96M,0.95%
NVT,nVent Electric PLC,9/8/2025,92.58,93.2,93.2,92,1.59M,-0.24%
NVT,nVent Electric PLC,9/9/2025,91.44,92.49,92.49,89.98,1.10M,-1.23%
NVT,nVent Electric PLC,9/10/2025,94.98,93.75,96.62,93.75,2.47M,3.87%
NVT,nVent Electric PLC,9/11/2025,95.71,95.26,96.57,95.01,1.60M,0.77%
NVT,nVent Electric PLC,9/12/2025,94.78,95.74,96.15,94.74,1.31M,-0.97%
NVT,nVent Electric PLC,9/15/2025,96.35,95.65,97.52,95.2,1.33M,1.66%
NVT,nVent Electric PLC,9/16/2025,96.2,96.45,97.12,94.55,1.73M,-0.16%
NVT,nVent Electric PLC,9/17/2025,96.46,96.05,97.2,94.79,2.10M,0.27%
NVT,nVent Electric PLC,9/18/2025,98.65,97.64,99.44,96.95,1.61M,2.27%
NVT,nVent Electric PLC,9/19/2025,98.99,98.87,99.27,97.48,3.83M,0.34%
NVT,nVent Electric PLC,9/22/2025,100.25,99.06,101.06,98.3,1.98M,1.27%
NVT,nVent Electric PLC,9/23/2025,97.7,100.47,100.97,95.59,3.15M,-2.54%
NVT,nVent Electric PLC,9/24/2025,97.27,98.17,98.82,96.93,1.25M,-0.44%
NVT,nVent Electric PLC,9/25/2025,96.6,94.87,97.3,94.32,1.87M,-0.69%
NVT,nVent Electric PLC,9/26/2025,97,97.27,98.28,96.33,1.08M,0.41%
NVT,nVent Electric PLC,9/29/2025,96.7,98.01,98.63,96.35,1.03M,-0.31%
NVT,nVent Electric PLC,9/30/2025,98.64,96.7,98.67,96.21,1.61M,2.01%
NVT,nVent Electric PLC,10/1/2025,100.12,97.88,100.78,97.63,1.65M,1.50%
NVT,nVent Electric PLC,10/2/2025,99.43,100.38,101.76,97.72,1.44M,-0.69%
NVT,nVent Electric PLC,10/3/2025,97.8,99.85,99.85,97.32,1.28M,-1.64%
NVT,nVent Electric PLC,10/6/2025,98,100,100.49,97.98,1.79M,0.20%
NVT,nVent Electric PLC,10/7/2025,96,98.86,99.17,95.1,1.98M,-2.04%
NVT,nVent Electric PLC,10/8/2025,98.72,96.6,98.94,95.9,2.83M,2.83%
NVT,nVent Electric PLC,10/9/2025,97.73,99.05,99.32,97.63,2.44M,-1.00%
NVT,nVent Electric PLC,10/10/2025,95.98,98.46,100.22,95.88,2.18M,-1.79%
NVT,nVent Electric PLC,10/13/2025,99.5,98.22,101.37,97.38,1.66M,3.67%
NVT,nVent Electric PLC,10/14/2025,99.51,97.63,101.19,96.91,1.20M,0.01%
NVT,nVent Electric PLC,10/15/2025,101.1,101.32,101.84,98.81,2.34M,1.60%
NVT,nVent Electric PLC,10/16/2025,100.54,102,102.31,99.86,2.28M,-0.55%
NVT,nVent Electric PLC,10/17/2025,99.33,99.52,100.82,98.33,2.40M,-1.20%
NVT,nVent Electric PLC,10/20/2025,100.23,99.95,100.68,99.06,2.14M,0.91%
NVT,nVent Electric PLC,10/21/2025,99.65,99.61,100.54,98.27,1.78M,-0.58%
NVT,nVent Electric PLC,10/22/2025,96.93,100.54,101.28,95.15,3.40M,-2.73%
NVT,nVent Electric PLC,10/23/2025,100.62,97.58,101.05,97.58,2.29M,3.81%
NVT,nVent Electric PLC,10/24/2025,102.2,102.76,104.3,102.14,2.56M,1.57%
NVT,nVent Electric PLC,10/27/2025,103.91,103.3,104.29,102.56,2.24M,1.67%
NVT,nVent Electric PLC,10/28/2025,104.22,103.39,104.7,101.21,2.23M,0.30%
NVT,nVent Electric PLC,10/29/2025,106.28,105,107.75,104.49,2.39M,1.98%
NVT,nVent Electric PLC,10/30/2025,104.35,105.01,107.58,104.02,3.15M,-1.82%
NVT,nVent Electric PLC,10/31/2025,114.35,113,117.52,111.25,4.50M,9.58%
NVT,nVent Electric PLC,11/3/2025,112.36,116,116,112.06,2.84M,-1.74%
NVT,nVent Electric PLC,11/4/2025,109.62,110.24,112.38,108.5,2.51M,-2.44%
NVT,nVent Electric PLC,11/5/2025,112.5,110.43,113.48,109.34,2.19M,2.63%
NVT,nVent Electric PLC,11/6/2025,109.97,112.72,113.04,108.87,1.34M,-2.25%
NVT,nVent Electric PLC,11/7/2025,111.03,108.3,111.08,106.41,1.75M,0.96%
NVT,nVent Electric PLC,11/10/2025,112.33,113.47,114.15,110.84,1.83M,1.17%
NVT,nVent Electric PLC,11/11/2025,109.59,111.15,112.24,109.51,1.56M,-2.44%
NVT,nVent Electric PLC,11/12/2025,111.46,110.27,112.46,109.69,1.70M,1.71%
NVT,nVent Electric PLC,11/13/2025,105.92,110.27,111.25,105.22,3.35M,-4.97%
NVT,nVent Electric PLC,11/14/2025,106.55,102.53,109.18,102,2.05M,0.59%
NVT,nVent Electric PLC,11/17/2025,104.09,106.15,107.83,103.68,2.17M,-2.31%
NVT,nVent Electric PLC,11/18/2025,104.31,102.95,105.56,102.08,2.32M,0.21%
NVT,nVent Electric PLC,11/19/2025,105.74,104.5,107.5,104.39,2.11M,1.37%
NVT,nVent Electric PLC,11/20/2025,101.52,109.86,111.19,100.6,4.68M,-3.99%
NVT,nVent Electric PLC,11/21/2025,100.55,101.52,102.11,96.55,4.01M,-0.96%
NVT,nVent Electric PLC,11/24/2025,104.1,101.65,104.58,100.75,2.68M,3.53%
NVT,nVent Electric PLC,11/25/2025,104.93,103.68,105.47,100.74,2.50M,0.80%
NVT,nVent Electric PLC,11/26/2025,106.53,105.5,107.7,105.44,1.61M,1.52%
NVT,nVent Electric PLC,11/28/2025,107.27,107.33,107.9,106.64,790.89K,0.69%
NVT,nVent Electric PLC,12/1/2025,105.67,105.66,106.54,104.6,1.70M,-1.49%
NVT,nVent Electric PLC,12/2/2025,105.36,107.06,107.31,104.98,2.34M,-0.29%
NVT,nVent Electric PLC,12/3/2025,104.97,104.12,105.07,102.25,1.81M,-0.37%
NVT,nVent Electric PLC,12/4/2025,108.27,105.01,108.89,104.5,1.54M,3.14%
NVT,nVent Electric PLC,12/5/2025,107.72,108.66,108.66,106.73,1.33M,-0.51%
NVT,nVent Electric PLC,12/8/2025,107.11,108.28,109.6,107.03,2.11M,-0.57%
NVT,nVent Electric PLC,12/9/2025,107.42,107.41,108.37,105.46,2.23M,0.29%
NVT,nVent Electric PLC,12/10/2025,108.87,107.85,109.68,106.5,3.08M,1.35%
NVT,nVent Electric PLC,12/11/2025,109.15,108.19,109.3,104.93,1.62M,0.26%
NVT,nVent Electric PLC,12/12/2025,101.71,108.5,108.51,100.07,3.23M,-6.82%
NVT,nVent Electric PLC,12/15/2025,102.61,103.49,103.8,102.02,2.51M,0.88%
NVT,nVent Electric PLC,12/16/2025,102.41,102.54,103.78,100.79,1.81M,-0.19%
NVT,nVent Electric PLC,12/17/2025,94.99,102.01,102.71,93.22,5.09M,-7.25%
NVT,nVent Electric PLC,12/18/2025,98.28,97.63,100.4,96.5,4.61M,3.46%
NVT,nVent Electric PLC,12/19/2025,101.54,99.19,102.05,98.82,3.89M,3.32%
NVT,nVent Electric PLC,12/22/2025,102.79,103.22,103.44,101.4,1.61M,1.23%
NVT,nVent Electric PLC,12/23/2025,103.97,102.18,104.6,102.11,1.65M,1.15%
NVT,nVent Electric PLC,12/24/2025,103.97,103.91,104.43,103.1,558.94K,0.00%
NVT,nVent Electric PLC,12/26/2025,104.18,104.45,104.76,103.17,864.33K,0.20%
NVT,nVent Electric PLC,12/29/2025,103.26,103.44,104.45,102.21,953.69K,-0.88%
NVT,nVent Electric PLC,12/30/2025,103.01,103.07,103.65,102.8,1.01M,-0.24%
NVT,nVent Electric PLC,12/31/2025,101.97,103.26,103.29,101.88,1.15M,-1.01%
NVT,nVent Electric PLC,1/2/2026,106.82,102.84,107.29,102.84,1.52M,4.76%
NVT,nVent Electric PLC,1/5/2026,106.61,108.48,109.98,106.25,1.44M,-0.20%
NVT,nVent Electric PLC,1/6/2026,110.09,105.44,110.65,102.4,2.97M,3.26%
NVT,nVent Electric PLC,1/7/2026,106.48,109.72,109.96,105.9,1.79M,-3.28%
NVT,nVent Electric PLC,1/8/2026,102.72,106.17,106.17,102,1.91M,-3.53%
NVT,nVent Electric PLC,1/9/2026,105.38,103.49,105.52,103.49,1.72M,2.59%
NVT,nVent Electric PLC,1/12/2026,106.39,104.5,106.94,103.97,1.56M,0.96%
NVT,nVent Electric PLC,1/13/2026,106.64,106.57,108.39,105.83,1.68M,0.23%
NVT,nVent Electric PLC,1/14/2026,104.54,106.2,106.28,103.51,1.72M,-1.97%
NVT,nVent Electric PLC,1/15/2026,107.98,107.8,110.68,106.43,2.19M,3.29%
NVT,nVent Electric PLC,1/16/2026,112.5,108.95,113.14,108.83,3.35M,4.19%
NVT,nVent Electric PLC,1/20/2026,109.9,110.44,111.98,109,2.28M,-2.31%
NVT,nVent Electric PLC,1/21/2026,112.66,110.31,113.72,108.32,1.67M,2.51%
NVT,nVent Electric PLC,1/22/2026,111.57,114.83,115.95,111.02,1.53M,-0.97%
NVT,nVent Electric PLC,1/23/2026,110.29,111,111.71,109.26,1.21M,-1.15%
NVT,nVent Electric PLC,1/26/2026,110.58,110.16,112.37,109.67,2.07M,0.26%
NVT,nVent Electric PLC,1/27/2026,113.16,111.54,113.41,110.23,1.28M,2.33%
NVT,nVent Electric PLC,1/28/2026,114.15,113.09,115.21,111.55,1.62M,0.87%
NVT,nVent Electric PLC,1/29/2026,115.62,115.85,117,112.19,1.95M,1.29%
NVT,nVent Electric PLC,1/30/2026,112.26,114.57,116.69,112.12,1.83M,-2.91%
NVT,nVent Electric PLC,2/2/2026,115.79,112.34,116.44,112.03,2.57M,3.14%
NVT,nVent Electric PLC,2/3/2026,119.43,116.89,120.46,114.75,2.99M,3.14%
NVT,nVent Electric PLC,2/4/2026,116.69,119.18,120.85,111.54,3.36M,-2.29%
NVT,nVent Electric PLC,2/5/2026,113.87,113.39,117.23,112.92,3.75M,-2.42%
NVT,nVent Electric PLC,2/6/2026,112.64,107.52,113.74,105.01,4.99M,-1.08%
NVT,nVent Electric PLC,2/9/2026,114.62,114.17,118.28,113.38,3.50M,1.76%
NVT,nVent Electric PLC,2/10/2026,112.15,115.2,115.65,112,2.66M,-2.15%
NVT,nVent Electric PLC,2/11/2026,112.75,116.47,118.66,112.01,3.93M,0.53%
NVT,nVent Electric PLC,2/12/2026,111.9,113.96,117.89,111.24,3.40M,-0.75%
NVT,nVent Electric PLC,2/13/2026,113.25,111.92,113.4,110.42,1.80M,1.21%
NVT,nVent Electric PLC,2/17/2026,115.22,112.2,116.59,112.01,2.21M,1.74%
NVT,nVent Electric PLC,2/18/2026,115.65,117,119.64,114.6,1.95M,0.37%
NVT,nVent Electric PLC,2/19/2026,116.88,115.24,116.99,114.63,1.23M,1.06%
NVT,nVent Electric PLC,2/20/2026,116.87,116.33,118.77,115.03,1.95M,-0.01%
NVT,nVent Electric PLC,2/23/2026,114.93,115.85,116.77,113.06,2.28M,-1.66%
NVT,nVent Electric PLC,2/24/2026,118.22,115.03,118.88,114.93,1.68M,2.86%
NVT,nVent Electric PLC,2/25/2026,121.8,118.91,122.67,118.62,2.81M,3.03%
NVT,nVent Electric PLC,2/26/2026,121.79,122.01,122.92,116.02,2.57M,-0.01%
NVT,nVent Electric PLC,2/27/2026,118.36,119,120.04,115.59,3.34M,-2.82%
NVT,nVent Electric PLC,3/2/2026,120.27,116.74,120.72,114,1.90M,1.61%
NVT,nVent Electric PLC,3/3/2026,111.65,114.64,115.31,110.14,3.23M,-7.17%
NVT,nVent Electric PLC,3/4/2026,113.83,113.29,114.21,110.39,2.58M,1.95%
NVT,nVent Electric PLC,3/5/2026,110.55,113.32,114.37,108.05,2.01M,-2.88%
NVT,nVent Electric PLC,3/6/2026,106.02,107.47,109.47,105.3,1.92M,-4.10%
NVT,nVent Electric PLC,3/9/2026,108.13,103.73,109.03,102.39,2.75M,1.99%
NVT,nVent Electric PLC,3/10/2026,109.13,108.59,111.41,108.31,1.96M,0.92%
NVT,nVent Electric PLC,3/11/2026,111.09,108.8,111.27,108.28,2.31M,1.80%
NVT,nVent Electric PLC,3/12/2026,107.87,110.13,110.47,107,1.97M,-2.90%
NVT,nVent Electric PLC,3/13/2026,109.93,109.33,110.75,107.68,2.60M,1.91%
NVT,nVent Electric PLC,3/16/2026,114.3,112.94,116.93,112.75,2.69M,3.98%
NVT,nVent Electric PLC,3/17/2026,114.71,114.02,114.86,112.42,1.51M,0.36%
NVT,nVent Electric PLC,3/18/2026,120.27,121,124.22,119,4.83M,4.85%
NVT,nVent Electric PLC,3/19/2026,122.58,117,123.55,114.51,2.74M,1.92%
NVT,nVent Electric PLC,3/20/2026,116.3,121.22,123.3,115.84,4.21M,-5.12%
NVT,nVent Electric PLC,3/23/2026,121,120,124.18,119.15,2.66M,4.04%
NVT,nVent Electric PLC,3/24/2026,125.61,119.79,126.84,119,2.47M,3.81%
NVT,nVent Electric PLC,3/25/2026,127.01,127,129.94,125.65,2.06M,1.11%
NVT,nVent Electric PLC,3/26/2026,118.44,124.96,125.35,118.2,2.15M,-6.75%
NVT,nVent Electric PLC,3/27/2026,116.98,117,119.57,116.37,1.74M,-1.23%
NVT,nVent Electric PLC,3/30/2026,112.75,118.73,119.64,111.32,1.75M,-3.62%
NVT,nVent Electric PLC,3/31/2026,118.28,114.91,119.41,114.2,1.89M,4.90%
NVT,nVent Electric PLC,4/1/2026,121.26,121.2,122.9,120.79,1.77M,2.52%
NVT,nVent Electric PLC,4/2/2026,117.96,116.9,121.25,115.26,2.59M,-2.72%
NVT,nVent Electric PLC,4/6/2026,117.41,118.25,119.51,115.01,1.36M,-0.47%
NVT,nVent Electric PLC,4/7/2026,118.92,116.8,119.12,115.12,1.33M,1.29%
NVT,nVent Electric PLC,4/8/2026,127.11,126.51,128.41,125.07,3.17M,6.89%
NVT,nVent Electric PLC,4/9/2026,128.63,127.28,130.43,127.14,1.36M,1.20%
NVT,nVent Electric PLC,4/10/2026,130.56,129.79,131.84,128.74,1.29M,1.50%
NVT,nVent Electric PLC,4/13/2026,133.16,130.75,133.26,129,1.91M,1.99%
NVT,nVent Electric PLC,4/14/2026,134.48,135.29,135.92,132.14,2.09M,0.99%
NVT,nVent Electric PLC,4/15/2026,131.38,133.81,134.13,129.1,2.38M,-2.31%
NVT,nVent Electric PLC,4/16/2026,129.7,131.56,132.76,128.6,2.14M,-1.28%
NVT,nVent Electric PLC,4/17/2026,134.69,131.24,135.25,130.53,2.35M,3.85%
NVT,nVent Electric PLC,4/20/2026,135.8,133.85,136.29,132.5,1.27M,0.82%
NVT,nVent Electric PLC,4/21/2026,137,136.69,139.15,135.91,1.67M,0.88%
NVT,nVent Electric PLC,4/22/2026,140.13,139.3,141,137.61,2.20M,2.28%
NVT,nVent Electric PLC,4/23/2026,142.76,140.25,144.11,140.25,2.86M,1.88%
NVT,nVent Electric PLC,4/24/2026,142.17,143.3,145.31,141.62,2.23M,-0.41%
NVT,nVent Electric PLC,4/27/2026,141.71,142.8,143.13,137.63,2.09M,-0.32%
NVT,nVent Electric PLC,4/28/2026,138.3,138.56,139.68,134.7,2.16M,-2.41%
NVT,nVent Electric PLC,4/29/2026,137.37,140.37,141.23,136.63,1.66M,-0.67%
NVT,nVent Electric PLC,4/30/2026,142.9,140.46,143.57,139.4,2.63M,4.03%
NVT,nVent Electric PLC,5/1/2026,158.92,164.3,167.37,155.88,5.13M,11.21%
NVT,nVent Electric PLC,5/4/2026,162.69,160.98,166.1,159.87,3.89M,2.37%
NVT,nVent Electric PLC,5/5/2026,169.41,165.91,171.09,165.62,2.80M,4.13%
NVT,nVent Electric PLC,5/6/2026,172.49,173.88,174.5,166.67,3.11M,1.82%
NVT,nVent Electric PLC,5/7/2026,166.73,172.6,172.6,164.46,2.54M,-3.34%
NVT,nVent Electric PLC,5/8/2026,169.95,169.94,170.89,166.25,1.70M,1.93%
NVT,nVent Electric PLC,5/11/2026,173.39,169.24,175,168,1.88M,2.02%
NVT,nVent Electric PLC,5/12/2026,170.74,170.28,171.08,165.62,1.69M,-1.53%
NVT,nVent Electric PLC,5/13/2026,172.91,173.76,173.82,168.5,1.64M,1.27%
NVT,nVent Electric PLC,5/14/2026,173.96,173.9,174.27,170.59,1.38M,0.61%
NVT,nVent Electric PLC,5/15/2026,169.01,168.63,170.41,165.38,1.88M,-2.85%
NVT,nVent Electric PLC,5/18/2026,160.69,171.51,171.55,159.04,2.45M,-4.92%
NVT,nVent Electric PLC,5/19/2026,158.23,156.66,160.61,152.2,2.72M,-1.53%
NVT,nVent Electric PLC,5/20/2026,161.86,161.34,163.8,159,1.78M,2.29%
NVT,nVent Electric PLC,5/21/2026,163.57,160.79,166.36,160.35,1.59M,1.06%
NVT,nVent Electric PLC,5/22/2026,164.66,166.04,166.34,161.12,1.50M,0.67%
NVT,nVent Electric PLC,5/26/2026,169.29,168.18,170.99,166.55,1.63M,2.81%
NVT,nVent Electric PLC,5/27/2026,167.8,169,170,164.67,2.15M,-0.88%
NVT,nVent Electric PLC,5/28/2026,164.87,166.93,168.28,162.34,1.40M,-1.75%
NVT,nVent Electric PLC,5/29/2026,166.99,165.5,168.52,162.27,1.84M,1.29%
NVT,nVent Electric PLC,6/1/2026,171.55,164.49,173.35,163,2.31M,2.73%
NVT,nVent Electric PLC,6/2/2026,173.39,173.49,178,172.69,1.56M,1.07%
NVT,nVent Electric PLC,6/3/2026,176.39,173.96,176.99,170.66,2.01M,1.73%
NVT,nVent Electric PLC,6/4/2026,173.88,172.38,175.99,165.61,1.33M,-1.42%
NVT,nVent Electric PLC,6/5/2026,162.86,169.67,170.15,161.11,2.04M,-6.34%
NVT,nVent Electric PLC,6/8/2026,163.81,166,166.8,161.33,2.39M,0.58%
NVT,nVent Electric PLC,6/9/2026,163.8,166.01,169.31,155.75,1.98M,-0.01%
NVT,nVent Electric PLC,6/10/2026,156.79,161.26,164.56,153.01,2.40M,-4.28%
NVT,nVent Electric PLC,6/11/2026,164.52,161.26,165.65,159.69,1.60M,4.93%
NVT,nVent Electric PLC,6/12/2026,165.84,166.4,170.49,165,1.38M,0.80%
NVT,nVent Electric PLC,6/15/2026,169,171.7,174.31,168.7,1.62M,1.91%
NVT,nVent Electric PLC,6/16/2026,167.34,171.3,173.44,167.03,1.63M,-0.98%
NVT,nVent Electric PLC,6/17/2026,170.94,169.96,173.21,169.44,1.94M,2.15%
NVT,nVent Electric PLC,6/18/2026,177.02,175.61,179.03,172.6,4.31M,3.56%
NVT,nVent Electric PLC,6/22/2026,184.34,180.55,184.64,176.54,2.79M,4.14%
NVT,nVent Electric PLC,6/23/2026,168.37,171.98,174.38,167.31,2.63M,-8.66%
NVT,nVent Electric PLC,6/24/2026,167.55,166.58,171.73,164.28,1.78M,-0.49%
NVT,nVent Electric PLC,6/25/2026,171.91,172.5,176.78,171,1.86M,2.60%
NVT,nVent Electric PLC,6/26/2026,162.92,167.55,169,161.77,3.84M,-5.23%
NVT,nVent Electric PLC,6/29/2026,163.35,162.92,165.53,159.46,2.02M,0.26%
NVT,nVent Electric PLC,6/30/2026,169.61,164.31,170.05,163.52,2.10M,3.83%
NVT,nVent Electric PLC,7/1/2026,159.99,163.91,165.34,158.23,1.85M,-5.67%
NVT,nVent Electric PLC,7/2/2026,152.15,160.06,160.85,149.84,2.95M,-4.90%
NVT,nVent Electric PLC,7/6/2026,156.89,154.36,159.86,153.34,1.84M,3.12%
NVT,nVent Electric PLC,7/7/2026,153.18,153.54,153.54,146.56,3.16M,-2.36%
NVT,nVent Electric PLC,7/8/2026,154.76,151.99,155.79,150.4,1.94M,1.03%
NVT,nVent Electric PLC,7/9/2026,158.05,160.85,163.5,157.34,2.21M,2.13%
NVT,nVent Electric PLC,7/10/2026,160.72,157.17,161.99,155.75,1.48M,1.69%
NVT,nVent Electric PLC,7/13/2026,158.02,158.31,160.23,156.17,1.31M,-1.68%
NVT,nVent Electric PLC,7/14/2026,161.78,163,165.99,160.32,1.62M,2.38%
NVT,nVent Electric PLC,7/15/2026,159.46,163.29,163.34,154.75,1.38M,-1.43%
NVT,nVent Electric PLC,7/16/2026,153.65,154.41,157.64,151.22,2.17M,-3.64%
NVT,nVent Electric PLC,7/17/2026,154.92,148.93,157.3,145.67,1.86M,0.83%
NVT,nVent Electric PLC,7/20/2026,154.78,157.41,159.15,154.43,1.60M,-0.09%
NVT,nVent Electric PLC,7/21/2026,160.68,159.66,161.2,157.04,1.21M,3.81%
NVT,nVent Electric PLC,7/22/2026,158.47,156.37,160.4,156.32,1.36M,-1.38%
NVT,nVent Electric PLC,7/23/2026,158.78,159.53,162.71,157.68,1.19M,0.20%
NVT,nVent Electric PLC,7/24/2026,151.79,156.93,159.32,150.41,1.88M,-4.40%
NVT,nVent Electric PLC,7/27/2026,149.29,153.03,153.03,142.48,2.23M,-1.65%
NVT,nVent Electric PLC,7/28/2026,141.75,144.4,144.41,137.49,2.75M,-5.05%
NVT,nVent Electric PLC,7/29/2026,133.61,139.75,140.58,130.97,3.82M,-5.74%
NVT,nVent Electric PLC,7/30/2026,144.8,145,148.39,140.45,4.23M,8.38%
NVT,nVent Electric PLC,7/31/2026,153.83,163.94,167.74,153.29,4.89M,6.24%
NVT,nVent Electric PLC,8/3/2026,159.41,152.5,161.44,149.25,3.02M,3.63%
NVT,nVent Electric PLC,8/4/2026,162.24,163.52,164.01,159.25,2.77M,1.78%
NVT,nVent Electric PLC,8/5/2026,162.04,160.33,166.91,159.76,1.90M,-0.12%
NVT,nVent Electric PLC,8/6/2026,163.3,160.69,168.09,159.48,1.41M,0.78%
NVT,nVent Electric PLC,8/7/2026,164.69,165.55,167.73,161.2,1.43M,0.85%
NVT,nVent Electric PLC,8/10/2026,162.33,167,167.1,162.03,1.22M,-1.43%
NVT,nVent Electric PLC,8/11/2026,167.16,163.97,169.18,163.97,1.42M,2.98%
NVT,nVent Electric PLC,8/12/2026,171.16,171.12,174.9,170.12,2.08M,2.39%
NVT,nVent Electric PLC,8/13/2026,170.01,171.12,172.9,167.44,1.56M,-0.67%
NVT,nVent Electric PLC,8/14/2026,171.39,170,173.99,168.28,1.39M,0.81%
NVT,nVent Electric PLC,8/17/2026,177.21,174.08,177.38,173.15,1.74M,3.40%
NVT,nVent Electric PLC,8/18/2026,164.63,169.6,170.09,163.54,2.07M,-7.10%
NVT,nVent Electric PLC,8/19/2026,156.88,164.4,169.54,154.51,2.84M,-4.71%
NVT,nVent Electric PLC,8/20/2026,154.3,155.73,158.32,153.38,1.77M,-1.64%
NVT,nVent Electric PLC,8/21/2026,151.98,155.5,156.83,151.75,1.51M,-1.50%
NVT,nVent Electric PLC,8/24/2026,153.35,150.15,155.96,149.57,2.57M,0.90%
NVT,nVent Electric PLC,8/25/2026,151.48,157.68,159.1,150.85,1.71M,-1.22%
NVT,nVent Electric PLC,8/26/2026,155.23,153.23,157.47,151.85,1.90M,2.48%
NVT,nVent Electric PLC,8/27/2026,155.55,158.87,162.37,154.42,1.99M,0.21%
NVT,nVent Electric PLC,8/28/2026,148.48,155.25,156.46,148.24,1.86M,-4.55%
NVT,nVent Electric PLC,8/31/2026,150.75,150,152.7,148.51,12.50M,1.53%
NVT,nVent Electric PLC,9/1/2026,147.3,149.5,151.41,146.08,2.34M,-2.29%
NVT,nVent Electric PLC,9/2/2026,148.17,147.18,148.31,143.87,1.85M,0.59%
NVT,nVent Electric PLC,9/3/2026,152.09,149,154.3,147.01,2.08M,2.65%
NVT,nVent Electric PLC,9/4/2026,156.03,153.5,157.19,152.09,1.61M,2.59%
NVT,nVent Electric PLC,9/8/2026,162.57,158.17,163.75,157.91,2.52M,4.19%
NVT,nVent Electric PLC,9/9/2026,158.54,161.4,162.43,158.36,2.14M,-2.48%
NVT,nVent Electric PLC,9/10/2026,155.17,155.93,159.89,154.14,2.08M,-2.13%
NVT,nVent Electric PLC,9/11/2026,162.38,157.78,163,157.78,1.72M,4.65%
NVT,nVent Electric PLC,9/14/2026,146.64,150,150.39,143.89,3.53M,-9.69%
NVT,nVent Electric PLC,9/15/2026,146.8,151.12,151.12,146.35,2.03M,0.11%
NVT,nVent Electric PLC,9/16/2026,147.65,147.79,150.41,146.03,1.74M,0.58%
NVT,nVent Electric PLC,9/17/2026,151.33,152.46,153.93,149.39,1.91M,2.49%
NVT,nVent Electric PLC,9/18/2026,157.88,152.71,158.7,152.54,3.57M,4.33%
NVT,nVent Electric PLC,9/21/2026,159.44,161.01,161.57,157.87,1.79M,0.99%
NVT,nVent Electric PLC,9/22/2026,162.65,158.46,163.61,157.7,1.64M,2.01%
NVT,nVent Electric PLC,9/23/2026,162.85,160.4,164.31,160.28,1.50M,0.12%
NVT,nVent Electric PLC,9/24/2026,162.88,159.5,163.14,157.24,1.52M,0.02%
NVT,nVent Electric PLC,9/25/2026,164.41,161.27,164.52,161.16,1.44M,0.94%
NVT,nVent Electric PLC,9/28/2026,160.5,163.35,166.18,158.5,2.10M,-2.38%
NVT,nVent Electric PLC,9/29/2026,161.68,162.84,164.93,159.6,1.60M,0.74%
PTGX,Protagonist Therapeutics Inc,9/2/2025,58.85,59.4,59.75,58.27,665.84K,-0.34%
PTGX,Protagonist Therapeutics Inc,9/3/2025,58.11,58.25,59.51,57.49,1.02M,-1.26%
PTGX,Protagonist Therapeutics Inc,9/4/2025,59.6,58.22,60.71,57.45,1.47M,2.56%
PTGX,Protagonist Therapeutics Inc,9/5/2025,60.53,59.34,61.04,58.03,1.93M,1.56%
PTGX,Protagonist Therapeutics Inc,9/8/2025,56.19,59.5,59.5,54.6,1.64M,-7.17%
PTGX,Protagonist Therapeutics Inc,9/9/2025,58.36,56.5,59.31,54.5,1.48M,3.86%
PTGX,Protagonist Therapeutics Inc,9/10/2025,57.74,58.47,58.47,57.13,843.34K,-1.06%
PTGX,Protagonist Therapeutics Inc,9/11/2025,59.68,57.81,59.71,57.53,939.40K,3.36%
PTGX,Protagonist Therapeutics Inc,9/12/2025,58.86,60.4,60.4,58.75,685.84K,-1.37%
PTGX,Protagonist Therapeutics Inc,9/15/2025,58.38,58.86,59.64,57.91,929.18K,-0.82%
PTGX,Protagonist Therapeutics Inc,9/16/2025,58.59,58.16,59.14,57.9,633.96K,0.36%
PTGX,Protagonist Therapeutics Inc,9/17/2025,59.22,60.05,61.33,59.02,912.79K,1.08%
PTGX,Protagonist Therapeutics Inc,9/18/2025,62.14,59.55,62.21,58.91,1.36M,4.93%
PTGX,Protagonist Therapeutics Inc,9/19/2025,62.2,62.22,63.3,61.63,2.46M,0.10%
PTGX,Protagonist Therapeutics Inc,9/22/2025,64.51,62.35,64.59,61.95,702.62K,3.71%
PTGX,Protagonist Therapeutics Inc,9/23/2025,65.06,64,65.07,63.74,568.75K,0.85%
PTGX,Protagonist Therapeutics Inc,9/24/2025,65.95,65,66.7,63.83,857.04K,1.37%
PTGX,Protagonist Therapeutics Inc,9/25/2025,64.7,65.42,66.38,64.34,806.35K,-1.90%
PTGX,Protagonist Therapeutics Inc,9/26/2025,67.42,65.4,68.26,64.02,1.42M,4.20%
PTGX,Protagonist Therapeutics Inc,9/29/2025,65.14,67.42,68.17,63.82,2.02M,-3.38%
PTGX,Protagonist Therapeutics Inc,9/30/2025,66.43,65.14,67.04,65.06,1.45M,1.98%
PTGX,Protagonist Therapeutics Inc,10/1/2025,64,66,66.53,63.71,1.05M,-3.66%
PTGX,Protagonist Therapeutics Inc,10/2/2025,64.98,64.39,65.5,63.71,575.46K,1.53%
PTGX,Protagonist Therapeutics Inc,10/3/2025,64.83,64.59,65.38,64.56,623.63K,-0.23%
PTGX,Protagonist Therapeutics Inc,10/6/2025,64.14,65.02,66.87,63.93,886.16K,-1.06%
PTGX,Protagonist Therapeutics Inc,10/7/2025,65.47,64.26,65.84,62.24,804.44K,2.07%
PTGX,Protagonist Therapeutics Inc,10/8/2025,65.3,65.28,65.77,64.5,587.50K,-0.26%
PTGX,Protagonist Therapeutics Inc,10/9/2025,67.04,65.56,67.57,65.56,1.06M,2.66%
PTGX,Protagonist Therapeutics Inc,10/10/2025,87,67.39,93.25,65.75,7.07M,29.77%
PTGX,Protagonist Therapeutics Inc,10/13/2025,79.17,85.28,86.76,75.04,5.94M,-9.00%
PTGX,Protagonist Therapeutics Inc,10/14/2025,76.94,78.49,78.49,76,1.89M,-2.82%
PTGX,Protagonist Therapeutics Inc,10/15/2025,77.68,75.29,78.15,75.29,1.15M,0.96%
PTGX,Protagonist Therapeutics Inc,10/16/2025,75.73,77.81,78,74.62,1.93M,-2.51%
PTGX,Protagonist Therapeutics Inc,10/17/2025,77.5,75.6,77.58,75.17,1.24M,2.34%
PTGX,Protagonist Therapeutics Inc,10/20/2025,76.72,77.51,77.66,75.51,780.66K,-1.01%
PTGX,Protagonist Therapeutics Inc,10/21/2025,75,76.51,77.22,74.78,929.94K,-2.24%
PTGX,Protagonist Therapeutics Inc,10/22/2025,73.5,74.51,74.95,73.29,885.76K,-2.00%
PTGX,Protagonist Therapeutics Inc,10/23/2025,73.99,73.37,74.91,73.08,722.65K,0.66%
PTGX,Protagonist Therapeutics Inc,10/24/2025,74.86,74.13,75.53,73.83,690.71K,1.18%
PTGX,Protagonist Therapeutics Inc,10/27/2025,75.25,75.13,76.07,74.03,938.41K,0.52%
PTGX,Protagonist Therapeutics Inc,10/28/2025,78.51,75.06,78.78,74.8,1.25M,4.33%
PTGX,Protagonist Therapeutics Inc,10/29/2025,76.69,78.06,79,76.49,921.22K,-2.32%
PTGX,Protagonist Therapeutics Inc,10/30/2025,77.85,77.21,78.74,76.75,839.38K,1.51%
PTGX,Protagonist Therapeutics Inc,10/31/2025,78.62,77.53,79.01,76.66,725.89K,0.99%
PTGX,Protagonist Therapeutics Inc,11/3/2025,75.95,78.62,80.43,75.54,1.04M,-3.40%
PTGX,Protagonist Therapeutics Inc,11/4/2025,76.5,75.44,78.01,75.44,1.03M,0.72%
PTGX,Protagonist Therapeutics Inc,11/5/2025,77.88,76.5,78.12,75.55,622.95K,1.80%
PTGX,Protagonist Therapeutics Inc,11/6/2025,79.78,77.07,79.92,77,1.14M,2.44%
PTGX,Protagonist Therapeutics Inc,11/7/2025,79.54,80.12,80.75,76.7,882.43K,-0.30%
PTGX,Protagonist Therapeutics Inc,11/10/2025,83.23,80.58,84.84,79.56,1.16M,4.64%
PTGX,Protagonist Therapeutics Inc,11/11/2025,85.56,83.52,86,83,952.80K,2.80%
PTGX,Protagonist Therapeutics Inc,11/12/2025,84.85,85.41,86.9,84.5,1.36M,-0.83%
PTGX,Protagonist Therapeutics Inc,11/13/2025,83.24,84.84,86.02,83.17,711.77K,-1.90%
PTGX,Protagonist Therapeutics Inc,11/14/2025,84.61,82.18,85.9,82.06,755.43K,1.65%
PTGX,Protagonist Therapeutics Inc,11/17/2025,84.77,82.79,85.45,82.79,794.80K,0.19%
PTGX,Protagonist Therapeutics Inc,11/18/2025,84.39,84.77,86.36,83.79,778.79K,-0.45%
PTGX,Protagonist Therapeutics Inc,11/19/2025,85.13,84.54,86.64,84.45,989.45K,0.88%
PTGX,Protagonist Therapeutics Inc,11/20/2025,84.2,86.36,86.95,84,789.60K,-1.09%
PTGX,Protagonist Therapeutics Inc,11/21/2025,85.4,84.24,86.67,83.64,907.21K,1.43%
PTGX,Protagonist Therapeutics Inc,11/24/2025,87.69,86.59,88.33,85.71,872.35K,2.68%
PTGX,Protagonist Therapeutics Inc,11/25/2025,89.86,88.46,89.88,87.76,911.01K,2.47%
PTGX,Protagonist Therapeutics Inc,11/26/2025,90.07,90,90.85,89.5,1.21M,0.23%
PTGX,Protagonist Therapeutics Inc,11/28/2025,90,90,90.46,88.78,337.40K,-0.08%
PTGX,Protagonist Therapeutics Inc,12/1/2025,85.64,89.61,89.85,85,999.82K,-4.84%
PTGX,Protagonist Therapeutics Inc,12/2/2025,84.65,85.75,86.39,83.52,992.81K,-1.16%
PTGX,Protagonist Therapeutics Inc,12/3/2025,86.07,85.43,87.1,84.73,715.55K,1.68%
PTGX,Protagonist Therapeutics Inc,12/4/2025,87.33,86.07,88.1,85.13,736.77K,1.46%
PTGX,Protagonist Therapeutics Inc,12/5/2025,89.65,87.96,90.18,87.54,1.47M,2.66%
PTGX,Protagonist Therapeutics Inc,12/8/2025,90.25,90.94,91.89,89.51,1.46M,0.67%
PTGX,Protagonist Therapeutics Inc,12/9/2025,88.56,89.73,92.8,88.3,1.44M,-1.87%
PTGX,Protagonist Therapeutics Inc,12/10/2025,91.38,88.56,91.96,88.34,1.31M,3.18%
PTGX,Protagonist Therapeutics Inc,12/11/2025,92.25,92.01,93.07,91.07,800.76K,0.95%
PTGX,Protagonist Therapeutics Inc,12/12/2025,95.35,92.72,95.39,91.7,1.29M,3.36%
PTGX,Protagonist Therapeutics Inc,12/15/2025,94.79,95.41,96.54,94.17,959.98K,-0.59%
PTGX,Protagonist Therapeutics Inc,12/16/2025,91.54,93.93,94.54,90.18,881.12K,-3.43%
PTGX,Protagonist Therapeutics Inc,12/17/2025,89.34,91.41,92.54,88.38,821.80K,-2.40%
PTGX,Protagonist Therapeutics Inc,12/18/2025,85.79,89.35,90.01,84.11,2.23M,-3.97%
PTGX,Protagonist Therapeutics Inc,12/19/2025,86.05,86.58,87.73,84.81,1.74M,0.30%
PTGX,Protagonist Therapeutics Inc,12/22/2025,87.41,85.33,88.13,84.88,661.13K,1.58%
PTGX,Protagonist Therapeutics Inc,12/23/2025,88.73,87.27,90,87.27,329.13K,1.51%
PTGX,Protagonist Therapeutics Inc,12/24/2025,88.84,88.53,89.47,87.47,154.06K,0.12%
PTGX,Protagonist Therapeutics Inc,12/26/2025,88.78,88.78,89.61,87.47,390.11K,-0.07%
PTGX,Protagonist Therapeutics Inc,12/29/2025,87.93,88.66,89.1,87.3,373.12K,-0.96%
PTGX,Protagonist Therapeutics Inc,12/30/2025,87.26,87.94,88.32,86.12,343.98K,-0.76%
PTGX,Protagonist Therapeutics Inc,12/31/2025,87.34,87.32,88.23,85.98,615.73K,0.09%
PTGX,Protagonist Therapeutics Inc,1/2/2026,87.18,86.54,88.15,85.19,751.67K,-0.18%
PTGX,Protagonist Therapeutics Inc,1/5/2026,84.18,87.53,87.53,82.92,1.03M,-3.44%
PTGX,Protagonist Therapeutics Inc,1/6/2026,82.27,83.25,85,81.67,731.15K,-2.27%
PTGX,Protagonist Therapeutics Inc,1/7/2026,82.34,82.25,82.69,79.18,1.22M,0.09%
PTGX,Protagonist Therapeutics Inc,1/8/2026,80.2,81.05,82.14,79.22,1.49M,-2.60%
PTGX,Protagonist Therapeutics Inc,1/9/2026,80.22,80.2,81.4,79.38,983.63K,0.02%
PTGX,Protagonist Therapeutics Inc,1/12/2026,80.25,79.49,81.09,78.75,739.82K,0.04%
PTGX,Protagonist Therapeutics Inc,1/13/2026,81.36,79.88,82.74,79.64,799.01K,1.38%
PTGX,Protagonist Therapeutics Inc,1/14/2026,85.23,80.85,85.3,80.47,1.05M,4.76%
PTGX,Protagonist Therapeutics Inc,1/15/2026,84.75,84.6,87.44,84.33,839.32K,-0.56%
PTGX,Protagonist Therapeutics Inc,1/16/2026,81.99,84.51,84.67,81.47,664.93K,-3.26%
PTGX,Protagonist Therapeutics Inc,1/20/2026,83.42,81.16,83.63,79.87,901.34K,1.74%
PTGX,Protagonist Therapeutics Inc,1/21/2026,83.89,82.51,83.96,80.27,1.09M,0.56%
PTGX,Protagonist Therapeutics Inc,1/22/2026,84.79,82.83,85.2,80.65,609.10K,1.07%
PTGX,Protagonist Therapeutics Inc,1/23/2026,83.1,84.62,85.5,82.67,569.26K,-1.99%
PTGX,Protagonist Therapeutics Inc,1/26/2026,82.3,82.53,84.32,81.94,529.20K,-0.96%
PTGX,Protagonist Therapeutics Inc,1/27/2026,83.08,82,83.87,82,507.81K,0.95%
PTGX,Protagonist Therapeutics Inc,1/28/2026,81.76,82.45,83.69,80,777.24K,-1.59%
PTGX,Protagonist Therapeutics Inc,1/29/2026,79.73,81.39,82.49,77.69,952.74K,-2.48%
PTGX,Protagonist Therapeutics Inc,1/30/2026,81.8,79.77,82.56,78.75,1.17M,2.60%
PTGX,Protagonist Therapeutics Inc,2/2/2026,83.05,81.8,84.55,81.14,1.41M,1.53%
PTGX,Protagonist Therapeutics Inc,2/3/2026,85.59,83.09,86.1,82.88,769.39K,3.06%
PTGX,Protagonist Therapeutics Inc,2/4/2026,83.3,85.59,85.6,81,1.08M,-2.68%
PTGX,Protagonist Therapeutics Inc,2/5/2026,80.67,83.62,85.43,80.2,457.13K,-3.16%
PTGX,Protagonist Therapeutics Inc,2/6/2026,84.49,82.11,85.05,81.55,812.80K,4.74%
PTGX,Protagonist Therapeutics Inc,2/9/2026,83.32,83.47,83.9,82.21,322.03K,-1.38%
PTGX,Protagonist Therapeutics Inc,2/10/2026,83.88,83,84.9,82.64,442.58K,0.67%
PTGX,Protagonist Therapeutics Inc,2/11/2026,83.49,83.46,84.82,80.99,350.17K,-0.46%
PTGX,Protagonist Therapeutics Inc,2/12/2026,81.93,84.07,84.72,81.56,352.50K,-1.87%
PTGX,Protagonist Therapeutics Inc,2/13/2026,81.49,81.99,84.06,80.59,428.86K,-0.54%
PTGX,Protagonist Therapeutics Inc,2/17/2026,82.46,81.07,83.13,80.39,364.76K,1.19%
PTGX,Protagonist Therapeutics Inc,2/18/2026,82.99,81.59,83.39,81.59,408.21K,0.64%
PTGX,Protagonist Therapeutics Inc,2/19/2026,83.09,81.88,83.22,80.59,384.57K,0.12%
PTGX,Protagonist Therapeutics Inc,2/20/2026,82.76,83.26,83.68,80.72,577.98K,-0.40%
PTGX,Protagonist Therapeutics Inc,2/23/2026,86.59,82.32,86.85,77,710.81K,4.63%
PTGX,Protagonist Therapeutics Inc,2/24/2026,87.39,86.72,89.59,86,668.52K,0.92%
PTGX,Protagonist Therapeutics Inc,2/25/2026,87.1,87.5,88.46,86.25,285.86K,-0.33%
PTGX,Protagonist Therapeutics Inc,2/26/2026,88.39,87.5,88.82,85.6,706.16K,1.48%
PTGX,Protagonist Therapeutics Inc,2/27/2026,92.08,88.18,92.23,87.15,936.97K,4.17%
PTGX,Protagonist Therapeutics Inc,3/2/2026,94.24,92.08,94.89,90.99,942.70K,2.35%
PTGX,Protagonist Therapeutics Inc,3/3/2026,91.3,92.56,93.51,90.02,529.54K,-3.12%
PTGX,Protagonist Therapeutics Inc,3/4/2026,94.83,91.94,95.43,91.03,782.72K,3.87%
PTGX,Protagonist Therapeutics Inc,3/5/2026,91.41,94.54,94.54,90.35,677.48K,-3.61%
PTGX,Protagonist Therapeutics Inc,3/6/2026,92.09,89.96,92.97,87.82,572.37K,0.74%
PTGX,Protagonist Therapeutics Inc,3/9/2026,96.66,91.14,97.54,91.14,727.21K,4.96%
PTGX,Protagonist Therapeutics Inc,3/10/2026,97.05,96.02,98.21,95.4,856.02K,0.40%
PTGX,Protagonist Therapeutics Inc,3/11/2026,96.48,96.84,98.32,95.97,788.74K,-0.59%
PTGX,Protagonist Therapeutics Inc,3/12/2026,95.42,95.01,96.39,93.67,750.59K,-1.10%
PTGX,Protagonist Therapeutics Inc,3/13/2026,92.36,96.91,98.3,90.92,896.18K,-3.21%
PTGX,Protagonist Therapeutics Inc,3/16/2026,96.75,93.28,97.08,92.61,695.76K,4.75%
PTGX,Protagonist Therapeutics Inc,3/17/2026,97.23,96.7,99.31,96.43,799.23K,0.50%
PTGX,Protagonist Therapeutics Inc,3/18/2026,97.09,97.04,99.5,90.58,1.98M,-0.14%
PTGX,Protagonist Therapeutics Inc,3/19/2026,101.68,98.45,105.69,98.35,1.92M,4.73%
PTGX,Protagonist Therapeutics Inc,3/20/2026,98.87,101.47,101.8,97.83,2.03M,-2.76%
PTGX,Protagonist Therapeutics Inc,3/23/2026,98.54,100,102.06,98.15,925.42K,-0.33%
PTGX,Protagonist Therapeutics Inc,3/24/2026,100.39,97.16,100.98,97.16,940.18K,1.88%
PTGX,Protagonist Therapeutics Inc,3/25/2026,104.31,99.42,105,97.16,812.18K,3.90%
PTGX,Protagonist Therapeutics Inc,3/26/2026,102.17,103.25,105.69,102.01,1.05M,-2.05%
PTGX,Protagonist Therapeutics Inc,3/27/2026,98.97,101.27,101.92,97.89,785.51K,-3.13%
PTGX,Protagonist Therapeutics Inc,3/30/2026,99.87,99.04,102.76,98.08,884.40K,0.91%
PTGX,Protagonist Therapeutics Inc,3/31/2026,105.4,101.23,105.99,101.06,944.90K,5.54%
PTGX,Protagonist Therapeutics Inc,4/1/2026,103.67,105.51,107.84,102.7,583.87K,-1.64%
PTGX,Protagonist Therapeutics Inc,4/2/2026,103.78,101.59,104.31,101.59,601.60K,0.11%
PTGX,Protagonist Therapeutics Inc,4/6/2026,102.89,103.72,104.46,101.83,528.51K,-0.86%
PTGX,Protagonist Therapeutics Inc,4/7/2026,103.75,103.43,103.96,101.31,785.70K,0.84%
PTGX,Protagonist Therapeutics Inc,4/8/2026,102.09,104.28,105.88,101.61,819.20K,-1.60%
PTGX,Protagonist Therapeutics Inc,4/9/2026,104.08,101.45,105.11,101.45,699.46K,1.95%
PTGX,Protagonist Therapeutics Inc,4/10/2026,98.82,104.28,104.28,98.4,577.29K,-5.06%
PTGX,Protagonist Therapeutics Inc,4/13/2026,97.57,98.61,101.04,95.4,1.09M,-1.26%
PTGX,Protagonist Therapeutics Inc,4/14/2026,104.72,97.58,104.97,97.58,849.47K,7.33%
PTGX,Protagonist Therapeutics Inc,4/15/2026,105.44,105.96,106.66,103.02,770.16K,0.69%
PTGX,Protagonist Therapeutics Inc,4/16/2026,103.73,103.59,104.53,102.46,417.82K,-1.62%
PTGX,Protagonist Therapeutics Inc,4/17/2026,105.98,105.57,106.9,103.51,1.01M,2.17%
PTGX,Protagonist Therapeutics Inc,4/20/2026,105.47,105.46,106.46,104,540.47K,-0.48%
PTGX,Protagonist Therapeutics Inc,4/21/2026,105.89,104.94,106.45,103.64,494.95K,0.40%
PTGX,Protagonist Therapeutics Inc,4/22/2026,105.55,106.43,107,103.93,345.94K,-0.32%
PTGX,Protagonist Therapeutics Inc,4/23/2026,102.62,106.34,106.98,102.26,651.59K,-2.78%
PTGX,Protagonist Therapeutics Inc,4/24/2026,100,102.54,105.94,98.9,778.71K,-2.55%
PTGX,Protagonist Therapeutics Inc,4/27/2026,98.51,100.44,103.42,98.31,994.86K,-1.49%
PTGX,Protagonist Therapeutics Inc,4/28/2026,101.21,99.5,102.47,97.79,663.21K,2.74%
PTGX,Protagonist Therapeutics Inc,4/29/2026,98.52,100.27,100.35,98.11,576.82K,-2.66%
PTGX,Protagonist Therapeutics Inc,4/30/2026,98.97,99,99.75,97.2,577.60K,0.46%
PTGX,Protagonist Therapeutics Inc,5/1/2026,98.37,99.16,99.46,97.08,447.70K,-0.61%
PTGX,Protagonist Therapeutics Inc,5/4/2026,99.52,98,101.08,98,457.42K,1.17%
PTGX,Protagonist Therapeutics Inc,5/5/2026,99.21,100.32,101.37,97.45,398.04K,-0.31%
PTGX,Protagonist Therapeutics Inc,5/6/2026,103.97,103,105.03,98.95,989.86K,4.80%
PTGX,Protagonist Therapeutics Inc,5/7/2026,98.85,103.55,104.68,98.53,836.86K,-4.92%
PTGX,Protagonist Therapeutics Inc,5/8/2026,99.36,98.51,100.15,97,505.00K,0.52%
PTGX,Protagonist Therapeutics Inc,5/11/2026,103.5,100.14,105.32,99.94,572.04K,4.17%
PTGX,Protagonist Therapeutics Inc,5/12/2026,99.95,103.5,103.66,98.36,645.73K,-3.43%
PTGX,Protagonist Therapeutics Inc,5/13/2026,103.88,99.58,104.19,98.22,518.20K,3.93%
PTGX,Protagonist Therapeutics Inc,5/14/2026,105.55,104.31,105.72,101.62,426.53K,1.61%
PTGX,Protagonist Therapeutics Inc,5/15/2026,102.18,104.22,104.39,101.72,560.75K,-3.19%
PTGX,Protagonist Therapeutics Inc,5/18/2026,100.74,103.22,104.16,100.58,447.23K,-1.41%
PTGX,Protagonist Therapeutics Inc,5/19/2026,98.37,100.25,100.26,96.69,492.71K,-2.35%
PTGX,Protagonist Therapeutics Inc,5/20/2026,100.88,99.03,101.9,98.37,371.68K,2.55%
PTGX,Protagonist Therapeutics Inc,5/21/2026,102.01,101.13,103.43,98.6,402.92K,1.12%
PTGX,Protagonist Therapeutics Inc,5/22/2026,99.19,102.01,102.42,98.89,393.92K,-2.76%
PTGX,Protagonist Therapeutics Inc,5/26/2026,99.98,100.03,100.8,97.93,360.76K,0.80%
PTGX,Protagonist Therapeutics Inc,5/27/2026,102.21,100.05,102.49,98.94,404.79K,2.23%
PTGX,Protagonist Therapeutics Inc,5/28/2026,100.41,102.74,103.71,99.43,551.51K,-1.76%
PTGX,Protagonist Therapeutics Inc,5/29/2026,99.56,100.64,102.4,98.84,597.78K,-0.85%
PTGX,Protagonist Therapeutics Inc,6/1/2026,94.92,97.88,98.5,93.5,817.04K,-4.66%
PTGX,Protagonist Therapeutics Inc,6/2/2026,93.23,93.84,97.71,92.75,723.59K,-1.78%
PTGX,Protagonist Therapeutics Inc,6/3/2026,95.41,93.93,95.61,93,579.22K,2.34%
PTGX,Protagonist Therapeutics Inc,6/4/2026,102.79,96.39,103.54,96.14,658.83K,7.74%
PTGX,Protagonist Therapeutics Inc,6/5/2026,97.38,103.14,103.29,96.38,887.40K,-5.26%
PTGX,Protagonist Therapeutics Inc,6/8/2026,98.03,98.95,101.16,96.7,567.71K,0.67%
PTGX,Protagonist Therapeutics Inc,6/9/2026,105.87,99.76,106.48,98.08,878.60K,8.00%
PTGX,Protagonist Therapeutics Inc,6/10/2026,105.77,105.5,111.45,104.89,770.49K,-0.09%
PTGX,Protagonist Therapeutics Inc,6/11/2026,109.79,106.28,110.82,106.28,564.25K,3.80%
PTGX,Protagonist Therapeutics Inc,6/12/2026,109.78,109.85,111.78,109.6,448.85K,-0.01%
PTGX,Protagonist Therapeutics Inc,6/15/2026,112.46,109.1,112.77,109.1,536.30K,2.44%
PTGX,Protagonist Therapeutics Inc,6/16/2026,110.64,112.83,113.66,108.53,504.79K,-1.62%
PTGX,Protagonist Therapeutics Inc,6/17/2026,111.44,110.84,113.47,110.11,742.53K,0.72%
PTGX,Protagonist Therapeutics Inc,6/18/2026,112.86,112.88,114.49,111.17,1.53M,1.27%
PTGX,Protagonist Therapeutics Inc,6/22/2026,115.03,113.24,116.57,113.24,1.19M,1.92%
PTGX,Protagonist Therapeutics Inc,6/23/2026,118.96,114.66,119.85,114.56,700.46K,3.42%
PTGX,Protagonist Therapeutics Inc,6/24/2026,122.15,119.38,124.8,118.81,1.13M,2.68%
PTGX,Protagonist Therapeutics Inc,6/25/2026,122.63,122.31,126.25,121.48,1.05M,0.39%
PTGX,Protagonist Therapeutics Inc,6/26/2026,121.88,122,123.43,118.31,2.59M,-0.61%
PTGX,Protagonist Therapeutics Inc,6/29/2026,121.63,121.34,126.59,118.27,741.11K,-0.21%
PTGX,Protagonist Therapeutics Inc,6/30/2026,122.58,122.04,124.71,119.57,560.87K,0.78%
PTGX,Protagonist Therapeutics Inc,7/1/2026,125.17,122.96,126.04,122.48,521.77K,2.11%
PTGX,Protagonist Therapeutics Inc,7/2/2026,131.62,125.89,131.87,125.24,708.39K,5.15%
PTGX,Protagonist Therapeutics Inc,7/6/2026,131.5,131.25,132.79,128.15,640.09K,-0.09%
PTGX,Protagonist Therapeutics Inc,7/7/2026,140.85,132.59,141.08,130.69,1.37M,7.11%
PTGX,Protagonist Therapeutics Inc,7/8/2026,140.07,139.5,140.95,136.08,931.36K,-0.55%
PTGX,Protagonist Therapeutics Inc,7/9/2026,137.64,139.26,141.1,136.99,1.61M,-1.73%
PTGX,Protagonist Therapeutics Inc,7/10/2026,131.42,137.12,137.12,130.64,1.06M,-4.52%
PTGX,Protagonist Therapeutics Inc,7/13/2026,129.89,130.05,131.36,125.32,541.07K,-1.16%
PTGX,Protagonist Therapeutics Inc,7/14/2026,131.27,131.89,131.95,128.68,564.97K,1.06%
PTGX,Protagonist Therapeutics Inc,7/15/2026,135.46,128,139.22,126.97,836.11K,3.19%
PTGX,Protagonist Therapeutics Inc,7/16/2026,132.02,135.21,136.55,131.35,602.06K,-2.54%
PTGX,Protagonist Therapeutics Inc,7/17/2026,140.91,131.37,141.08,131.37,519.12K,6.73%
PTGX,Protagonist Therapeutics Inc,7/20/2026,134.27,141.79,143.29,133.64,762.74K,-4.71%
PTGX,Protagonist Therapeutics Inc,7/21/2026,138.31,133.34,139.72,131.05,580.57K,3.01%
PTGX,Protagonist Therapeutics Inc,7/22/2026,135.44,139.45,139.45,134.42,710.44K,-2.08%
PTGX,Protagonist Therapeutics Inc,7/23/2026,135.43,133.79,137.32,132,605.78K,-0.01%
PTGX,Protagonist Therapeutics Inc,7/24/2026,136.11,136.11,137.2,133.78,298.40K,0.50%
PTGX,Protagonist Therapeutics Inc,7/27/2026,135.56,136.11,139.92,135.43,416.78K,-0.40%
PTGX,Protagonist Therapeutics Inc,7/28/2026,136.84,136.69,137,133.2,282.38K,0.94%
PTGX,Protagonist Therapeutics Inc,7/29/2026,133,136.9,137.43,132.72,560.65K,-2.81%
PTGX,Protagonist Therapeutics Inc,7/30/2026,138.64,131.77,138.95,130.63,556.39K,4.24%
PTGX,Protagonist Therapeutics Inc,7/31/2026,136.64,138.36,138.37,131.69,548.76K,-1.44%
PTGX,Protagonist Therapeutics Inc,8/3/2026,132.28,135.78,135.98,131.68,451.17K,-3.19%
PTGX,Protagonist Therapeutics Inc,8/4/2026,135.81,133.02,138.05,132.26,634.67K,2.67%
PTGX,Protagonist Therapeutics Inc,8/5/2026,137.32,137.49,138.08,135.39,430.53K,1.11%
PTGX,Protagonist Therapeutics Inc,8/6/2026,146.18,145.01,148,139.95,837.63K,6.45%
PTGX,Protagonist Therapeutics Inc,8/7/2026,145.87,146.18,147.32,144.44,321.08K,-0.21%
PTGX,Protagonist Therapeutics Inc,8/10/2026,150,149.31,151.6,147.4,545.97K,2.83%
PTGX,Protagonist Therapeutics Inc,8/11/2026,148.29,151.88,151.88,147.37,306.57K,-1.14%
PTGX,Protagonist Therapeutics Inc,8/12/2026,152.01,148.21,152.7,147.33,417.20K,2.51%
PTGX,Protagonist Therapeutics Inc,8/13/2026,151.42,153.15,154.99,150.92,444.79K,-0.39%
PTGX,Protagonist Therapeutics Inc,8/14/2026,155.1,150.23,155.53,149.17,426.26K,2.43%
PTGX,Protagonist Therapeutics Inc,8/17/2026,158.62,155.11,158.95,153.6,506.96K,2.27%
PTGX,Protagonist Therapeutics Inc,8/18/2026,157.34,157.96,160,156.81,471.65K,-0.81%
PTGX,Protagonist Therapeutics Inc,8/19/2026,154.94,160.81,160.81,154.22,786.05K,-1.53%
PTGX,Protagonist Therapeutics Inc,8/20/2026,150.69,152.45,155.25,148.27,518.56K,-2.74%
PTGX,Protagonist Therapeutics Inc,8/21/2026,154.32,152.1,154.95,150.82,402.54K,2.41%
PTGX,Protagonist Therapeutics Inc,8/24/2026,154.72,154.32,158.08,149.94,483.34K,0.26%
PTGX,Protagonist Therapeutics Inc,8/25/2026,150.59,155.84,157.98,150.09,664.53K,-2.67%
PTGX,Protagonist Therapeutics Inc,8/26/2026,151.5,150.36,152.07,147.69,335.46K,0.60%
PTGX,Protagonist Therapeutics Inc,8/27/2026,149.5,150.35,151.68,147.11,381.59K,-1.32%
PTGX,Protagonist Therapeutics Inc,8/28/2026,144.33,147.73,147.95,142.43,501.25K,-3.46%
PTGX,Protagonist Therapeutics Inc,8/31/2026,147.75,143.26,149.29,141.95,567.40K,2.37%
PTGX,Protagonist Therapeutics Inc,9/1/2026,146.49,147.75,150.34,144.73,534.14K,-0.85%
PTGX,Protagonist Therapeutics Inc,9/2/2026,146.08,148,149.42,144.61,561.61K,-0.28%
PTGX,Protagonist Therapeutics Inc,9/3/2026,148.8,146.68,149.49,144,354.19K,1.86%
PTGX,Protagonist Therapeutics Inc,9/4/2026,145.72,146.47,147.99,144.01,501.31K,-2.07%
PTGX,Protagonist Therapeutics Inc,9/8/2026,145.94,143.61,147.29,142,700.13K,0.15%
PTGX,Protagonist Therapeutics Inc,9/9/2026,145.09,146.05,151.18,144.46,530.53K,-0.58%
PTGX,Protagonist Therapeutics Inc,9/10/2026,145.16,143.29,146.51,142,543.13K,0.05%
PTGX,Protagonist Therapeutics Inc,9/11/2026,148.18,147.18,150.48,145.82,478.04K,2.08%
PTGX,Protagonist Therapeutics Inc,9/14/2026,147.78,150.23,151.24,146.83,608.02K,-0.27%
PTGX,Protagonist Therapeutics Inc,9/15/2026,143.4,147.48,147.99,142,637.52K,-2.96%
PTGX,Protagonist Therapeutics Inc,9/16/2026,142.84,144.19,146.19,140.88,507.31K,-0.39%
PTGX,Protagonist Therapeutics Inc,9/17/2026,143.7,144.39,146.5,142.31,558.90K,0.60%
PTGX,Protagonist Therapeutics Inc,9/18/2026,143,143.09,144.58,140.43,1.84M,-0.49%
PTGX,Protagonist Therapeutics Inc,9/21/2026,144.98,143.22,145.37,141.09,822.20K,1.38%
PTGX,Protagonist Therapeutics Inc,9/22/2026,145.07,144.64,147.71,144.5,806.18K,0.06%
PTGX,Protagonist Therapeutics Inc,9/23/2026,138.7,144.27,145.28,137.88,513.23K,-4.39%
PTGX,Protagonist Therapeutics Inc,9/24/2026,137.34,138.76,140.8,134.1,989.23K,-0.98%
PTGX,Protagonist Therapeutics Inc,9/25/2026,141.86,141.81,143.45,138.23,809.29K,3.29%
PTGX,Protagonist Therapeutics Inc,9/28/2026,142.44,142.21,143.68,140.24,925.46K,0.41%
PTGX,Protagonist Therapeutics Inc,9/29/2026,140.97,143.45,144.09,138.88,508.01K,-1.03%
RKLB,Rocket Lab USA Inc,9/2/2025,49.31,46.75,49.54,45.68,20.31M,1.46%
RKLB,Rocket Lab USA Inc,9/3/2025,43.53,50.27,50.9,43.512,33.32M,-11.72%
RKLB,Rocket Lab USA Inc,9/4/2025,42.99,44.16,44.58,42.7,17.27M,-1.24%
RKLB,Rocket Lab USA Inc,9/5/2025,45.84,43.565,45.99,42.39,17.36M,6.63%
RKLB,Rocket Lab USA Inc,9/8/2025,47.73,45.5,48.2,45.488,18.85M,4.12%
RKLB,Rocket Lab USA Inc,9/9/2025,47.03,47.01,47.53,45.512,13.24M,-1.47%
RKLB,Rocket Lab USA Inc,9/10/2025,46.17,47.53,48.11,45.6,11.64M,-1.83%
RKLB,Rocket Lab USA Inc,9/11/2025,48.43,46.32,49.665,46.055,22.82M,4.89%
RKLB,Rocket Lab USA Inc,9/12/2025,53.34,48.98,54.03,48.611,27.89M,10.14%
RKLB,Rocket Lab USA Inc,9/15/2025,54.04,53.58,55.17,52.72,23.96M,1.31%
RKLB,Rocket Lab USA Inc,9/16/2025,47.245,52,52.08,47.01,42.61M,-12.57%
RKLB,Rocket Lab USA Inc,9/17/2025,48.08,47.565,48.54,46.45,20.73M,1.77%
RKLB,Rocket Lab USA Inc,9/18/2025,47.18,48.92,49.19,47,19.43M,-1.87%
RKLB,Rocket Lab USA Inc,9/19/2025,47.79,47.68,48.93,47.13,26.87M,1.29%
RKLB,Rocket Lab USA Inc,9/22/2025,49.81,47.13,50.26,46.8,23.00M,4.23%
RKLB,Rocket Lab USA Inc,9/23/2025,52.91,49.025,54.158,47.91,38.06M,6.22%
RKLB,Rocket Lab USA Inc,9/24/2025,48.69,51.795,52.48,48.43,30.68M,-7.98%
RKLB,Rocket Lab USA Inc,9/25/2025,46.63,48,48.62,45.21,22.42M,-4.23%
RKLB,Rocket Lab USA Inc,9/26/2025,46.26,47.3,47.69,45.83,14.91M,-0.79%
RKLB,Rocket Lab USA Inc,9/29/2025,47.01,47.4,48.1,46.37,16.15M,1.62%
RKLB,Rocket Lab USA Inc,9/30/2025,47.91,47.21,47.99,46.51,14.86M,1.91%
RKLB,Rocket Lab USA Inc,10/1/2025,47.97,47.38,49.42,47.12,25.64M,0.13%
RKLB,Rocket Lab USA Inc,10/2/2025,52.47,48.64,52.65,48.51,35.21M,9.38%
RKLB,Rocket Lab USA Inc,10/3/2025,56.16,52.05,56.939,51.26,37.74M,7.03%
RKLB,Rocket Lab USA Inc,10/6/2025,58.5,56.865,59.26,55.8,31.02M,4.17%
RKLB,Rocket Lab USA Inc,10/7/2025,61.51,59.01,62.56,57.02,36.55M,5.15%
RKLB,Rocket Lab USA Inc,10/8/2025,65.31,64.15,68.534,63.65,36.15M,6.18%
RKLB,Rocket Lab USA Inc,10/9/2025,66.42,64.9,68.54,64.42,25.84M,1.70%
RKLB,Rocket Lab USA Inc,10/10/2025,64.26,70.8,73.5,64.14,40.88M,-3.25%
RKLB,Rocket Lab USA Inc,10/13/2025,65.42,67.88,70.44,64.622,26.18M,1.81%
RKLB,Rocket Lab USA Inc,10/14/2025,68.03,65.34,69.67,62.19,27.62M,3.99%
RKLB,Rocket Lab USA Inc,10/15/2025,69.27,70.02,73.97,67.08,26.29M,1.82%
RKLB,Rocket Lab USA Inc,10/16/2025,67,70.07,72.25,66.425,23.84M,-3.28%
RKLB,Rocket Lab USA Inc,10/17/2025,66.27,65.89,68.5,63.7,16.89M,-1.09%
RKLB,Rocket Lab USA Inc,10/20/2025,67.35,69.135,72.18,66.675,25.84M,1.63%
RKLB,Rocket Lab USA Inc,10/21/2025,65.4,68.04,68.04,64.86,17.51M,-2.90%
RKLB,Rocket Lab USA Inc,10/22/2025,60.565,62.97,64.02,58.41,22.15M,-7.39%
RKLB,Rocket Lab USA Inc,10/23/2025,63.57,61.56,64.7,60.75,13.23M,4.96%
RKLB,Rocket Lab USA Inc,10/24/2025,64.56,64.81,66.18,63.65,12.04M,1.56%
RKLB,Rocket Lab USA Inc,10/27/2025,65.62,66.19,66.35,64.15,19.18M,1.64%
RKLB,Rocket Lab USA Inc,10/28/2025,63.75,65.675,66.54,63.61,11.77M,-2.85%
RKLB,Rocket Lab USA Inc,10/29/2025,66.16,64.145,67.39,63.48,17.91M,3.78%
RKLB,Rocket Lab USA Inc,10/30/2025,60.92,65,65.18,60.89,12.48M,-7.92%
RKLB,Rocket Lab USA Inc,10/31/2025,62.98,61.77,63.45,60.4,13.83M,3.38%
RKLB,Rocket Lab USA Inc,11/3/2025,61.34,63.03,63.1,59.13,11.46M,-2.60%
RKLB,Rocket Lab USA Inc,11/4/2025,56.57,57.8,59.49,56.51,13.73M,-7.78%
RKLB,Rocket Lab USA Inc,11/5/2025,56.42,56.66,57.28,54.87,13.25M,-0.27%
RKLB,Rocket Lab USA Inc,11/6/2025,49.61,56.21,56.21,49.41,21.05M,-12.07%
RKLB,Rocket Lab USA Inc,11/7/2025,51.64,47.657,52.1,46.311,25.06M,4.09%
RKLB,Rocket Lab USA Inc,11/10/2025,51.9,53.74,54.5,50.76,22.93M,0.50%
RKLB,Rocket Lab USA Inc,11/11/2025,51.24,56,56.96,51.21,33.24M,-1.27%
RKLB,Rocket Lab USA Inc,11/12/2025,49.97,51.93,55.33,49.66,21.99M,-2.48%
RKLB,Rocket Lab USA Inc,11/13/2025,45.25,48.76,49.38,44.37,26.52M,-9.45%
RKLB,Rocket Lab USA Inc,11/14/2025,45.54,43.71,47.22,43.3,21.11M,0.64%
RKLB,Rocket Lab USA Inc,11/17/2025,43.31,45.15,45.682,42.225,17.58M,-4.90%
RKLB,Rocket Lab USA Inc,11/18/2025,42.78,42.22,43.61,41.23,16.98M,-1.22%
RKLB,Rocket Lab USA Inc,11/19/2025,43.62,42.5,44.53,42.43,15.30M,1.96%
RKLB,Rocket Lab USA Inc,11/20/2025,39.48,46.08,46.26,39.32,25.03M,-9.49%
RKLB,Rocket Lab USA Inc,11/21/2025,40.3,39.83,41.045,37.57,18.87M,2.08%
RKLB,Rocket Lab USA Inc,11/24/2025,42.45,40.76,42.53,39.3,20.28M,5.33%
RKLB,Rocket Lab USA Inc,11/25/2025,42.6,42.03,42.805,40.38,10.57M,0.35%
RKLB,Rocket Lab USA Inc,11/26/2025,41.93,43.24,43.59,41.38,10.91M,-1.57%
RKLB,Rocket Lab USA Inc,11/28/2025,42.14,42.51,42.7,41.8,5.64M,0.50%
RKLB,Rocket Lab USA Inc,12/1/2025,40.37,41.15,41.3,39.98,13.26M,-4.20%
RKLB,Rocket Lab USA Inc,12/2/2025,41.9,40.56,42.99,40.42,13.39M,3.79%
RKLB,Rocket Lab USA Inc,12/3/2025,44.72,41.895,44.74,41.5,14.39M,6.73%
RKLB,Rocket Lab USA Inc,12/4/2025,49.37,45.645,49.68,44.82,28.37M,10.40%
RKLB,Rocket Lab USA Inc,12/5/2025,49.055,48.875,49.7,47.7,14.63M,-0.64%
RKLB,Rocket Lab USA Inc,12/8/2025,51.56,50.08,52.37,49.22,21.75M,5.11%
RKLB,Rocket Lab USA Inc,12/9/2025,53.43,51.23,53.75,50.34,17.53M,3.63%
RKLB,Rocket Lab USA Inc,12/10/2025,57.52,53.44,58.83,52.25,38.84M,7.65%
RKLB,Rocket Lab USA Inc,12/11/2025,63.53,57.51,64.15,56.85,31.38M,10.45%
RKLB,Rocket Lab USA Inc,12/12/2025,61.49,62.5,65.18,59.8,33.55M,-3.21%
RKLB,Rocket Lab USA Inc,12/15/2025,55.41,63.052,64.56,55.08,32.93M,-9.89%
RKLB,Rocket Lab USA Inc,12/16/2025,55.49,54.19,56.73,52.68,22.45M,0.14%
RKLB,Rocket Lab USA Inc,12/17/2025,53.96,56.1,56.91,53.085,23.76M,-2.76%
RKLB,Rocket Lab USA Inc,12/18/2025,59.92,56.2,60.25,56.03,27.94M,11.05%
RKLB,Rocket Lab USA Inc,12/19/2025,70.52,61.12,70.56,60.746,52.76M,17.69%
RKLB,Rocket Lab USA Inc,12/22/2025,77.55,72.94,78.45,72.752,48.28M,9.97%
RKLB,Rocket Lab USA Inc,12/23/2025,77.18,73.81,79.18,73.29,35.67M,-0.48%
RKLB,Rocket Lab USA Inc,12/24/2025,77.18,78.035,79.83,74.801,16.72M,0.00%
RKLB,Rocket Lab USA Inc,12/26/2025,70.65,76.68,76.99,70.39,23.16M,-8.46%
RKLB,Rocket Lab USA Inc,12/29/2025,70.12,69.5,72.74,69.322,18.29M,-0.75%
RKLB,Rocket Lab USA Inc,12/30/2025,70.45,73.025,74.69,70.44,30.15M,0.47%
RKLB,Rocket Lab USA Inc,12/31/2025,69.76,71.5,73.196,69.13,17.59M,-0.98%
RKLB,Rocket Lab USA Inc,1/2/2026,75.99,70.63,76.24,66.85,31.52M,8.93%
RKLB,Rocket Lab USA Inc,1/5/2026,78.14,74.62,78.25,71.31,33.50M,2.83%
RKLB,Rocket Lab USA Inc,1/6/2026,86.03,77.76,86.25,74.05,43.67M,10.10%
RKLB,Rocket Lab USA Inc,1/7/2026,84.08,84.1,85.96,81.85,28.60M,-2.27%
RKLB,Rocket Lab USA Inc,1/8/2026,83.08,85.5,89.87,82.26,29.87M,-1.19%
RKLB,Rocket Lab USA Inc,1/9/2026,84.85,84.525,88.43,82.45,23.78M,2.13%
RKLB,Rocket Lab USA Inc,1/12/2026,87.9,84.98,88.84,83.419,22.13M,3.59%
RKLB,Rocket Lab USA Inc,1/13/2026,86.58,89.14,89.729,85.65,21.76M,-1.50%
RKLB,Rocket Lab USA Inc,1/14/2026,91.8,86.35,92.19,84.5,28.35M,6.03%
RKLB,Rocket Lab USA Inc,1/15/2026,90.76,89.265,92.459,86.65,24.81M,-1.13%
RKLB,Rocket Lab USA Inc,1/16/2026,96.3,92.525,99.58,92.4,36.11M,6.10%
RKLB,Rocket Lab USA Inc,1/20/2026,89.16,93.7,98.27,88.3,29.30M,-7.41%
RKLB,Rocket Lab USA Inc,1/21/2026,87.82,90.02,91.25,82.71,30.54M,-1.50%
RKLB,Rocket Lab USA Inc,1/22/2026,87.98,86.38,89.4,81.351,30.06M,0.18%
RKLB,Rocket Lab USA Inc,1/23/2026,88.9,89.055,94.45,86.12,24.38M,1.05%
RKLB,Rocket Lab USA Inc,1/26/2026,80.48,86.745,87.16,80.01,21.66M,-9.47%
RKLB,Rocket Lab USA Inc,1/27/2026,87,82.89,87,82,17.68M,8.10%
RKLB,Rocket Lab USA Inc,1/28/2026,88.57,87.22,89.8,86.028,16.26M,1.80%
RKLB,Rocket Lab USA Inc,1/29/2026,85.68,87.94,89,83,15.86M,-3.26%
RKLB,Rocket Lab USA Inc,1/30/2026,80.07,85,89.32,78.02,22.71M,-6.55%
RKLB,Rocket Lab USA Inc,2/2/2026,74.15,79.16,80.7,73.879,18.34M,-7.39%
RKLB,Rocket Lab USA Inc,2/3/2026,81.27,78.6,81.32,75.77,19.00M,9.60%
RKLB,Rocket Lab USA Inc,2/4/2026,73.11,81.35,81.35,68.563,26.24M,-10.04%
RKLB,Rocket Lab USA Inc,2/5/2026,66.32,69.98,72.99,65.2,22.68M,-9.29%
RKLB,Rocket Lab USA Inc,2/6/2026,72.32,69,72.66,67,20.05M,9.05%
RKLB,Rocket Lab USA Inc,2/9/2026,75.84,72.025,76.8,70.75,16.39M,4.87%
RKLB,Rocket Lab USA Inc,2/10/2026,72.03,74.595,75.86,71.55,13.20M,-5.02%
RKLB,Rocket Lab USA Inc,2/11/2026,69.62,73.13,73.4,67.02,17.56M,-3.35%
RKLB,Rocket Lab USA Inc,2/12/2026,66.01,67.53,68.45,63.87,18.31M,-5.19%
RKLB,Rocket Lab USA Inc,2/13/2026,67.44,66.695,69.6,65.5,14.74M,2.17%
RKLB,Rocket Lab USA Inc,2/17/2026,69.89,66.084,70.99,65,12.06M,3.63%
RKLB,Rocket Lab USA Inc,2/18/2026,74.42,71,75.765,69.989,19.12M,6.48%
RKLB,Rocket Lab USA Inc,2/19/2026,76.58,72.9,77.11,72.35,14.69M,2.90%
RKLB,Rocket Lab USA Inc,2/20/2026,70.86,75.482,78.2,69.4,18.25M,-7.47%
RKLB,Rocket Lab USA Inc,2/23/2026,70.21,68.755,71.25,68.5,13.80M,-0.92%
RKLB,Rocket Lab USA Inc,2/24/2026,69.97,68.88,70.055,66.6,12.86M,-0.34%
RKLB,Rocket Lab USA Inc,2/25/2026,70.2,71.095,71.85,68.88,11.79M,0.33%
RKLB,Rocket Lab USA Inc,2/26/2026,72.65,70.045,72.74,68.81,18.41M,3.49%
RKLB,Rocket Lab USA Inc,2/27/2026,69.1,67.59,69.59,64.1,25.73M,-4.89%
RKLB,Rocket Lab USA Inc,3/2/2026,70.97,66.68,72.1,66.45,18.85M,2.71%
RKLB,Rocket Lab USA Inc,3/3/2026,70.13,68.855,73.25,66.19,17.41M,-1.18%
RKLB,Rocket Lab USA Inc,3/4/2026,71.91,70.81,74.1,69.47,17.07M,2.54%
RKLB,Rocket Lab USA Inc,3/5/2026,70,70.92,72.31,67.34,14.53M,-2.66%
RKLB,Rocket Lab USA Inc,3/6/2026,70.11,68.135,75.11,68.135,22.27M,0.16%
RKLB,Rocket Lab USA Inc,3/9/2026,71.48,69.39,72.125,67.82,18.43M,1.95%
RKLB,Rocket Lab USA Inc,3/10/2026,68.93,70.34,72.935,68.621,18.25M,-3.57%
RKLB,Rocket Lab USA Inc,3/11/2026,71.96,68.8,73.3,68.33,18.14M,4.40%
RKLB,Rocket Lab USA Inc,3/12/2026,68.37,71.95,72.6,68.28,17.68M,-4.99%
RKLB,Rocket Lab USA Inc,3/13/2026,68.41,69.15,71.31,67.44,16.04M,0.06%
RKLB,Rocket Lab USA Inc,3/16/2026,71.31,69.325,72.38,68.67,16.95M,4.24%
RKLB,Rocket Lab USA Inc,3/17/2026,78.59,71.475,78.67,71.27,29.73M,10.21%
RKLB,Rocket Lab USA Inc,3/18/2026,69.48,76.04,76.88,69.4,33.92M,-11.59%
RKLB,Rocket Lab USA Inc,3/19/2026,71.93,68.82,72.73,68,28.55M,3.53%
RKLB,Rocket Lab USA Inc,3/20/2026,67.23,72,73.98,66.39,35.25M,-6.53%
RKLB,Rocket Lab USA Inc,3/23/2026,68,68.085,69.45,66.05,23.85M,1.15%
RKLB,Rocket Lab USA Inc,3/24/2026,66.07,67,68.6,64.46,21.36M,-2.84%
RKLB,Rocket Lab USA Inc,3/25/2026,72.88,68.94,75.06,68.94,34.51M,10.31%
RKLB,Rocket Lab USA Inc,3/26/2026,65.94,71.2,72.09,65.59,22.99M,-9.52%
RKLB,Rocket Lab USA Inc,3/27/2026,60.93,66.01,66.095,60.35,20.31M,-7.60%
RKLB,Rocket Lab USA Inc,3/30/2026,57.38,61.45,61.64,56.132,21.93M,-5.83%
RKLB,Rocket Lab USA Inc,3/31/2026,64.22,61.71,64.58,59.03,26.61M,11.92%
RKLB,Rocket Lab USA Inc,4/1/2026,65.52,65.5,68.67,65.3,27.16M,2.02%
RKLB,Rocket Lab USA Inc,4/2/2026,67.73,62.225,69.39,61.86,32.67M,3.37%
RKLB,Rocket Lab USA Inc,4/6/2026,67.67,67.73,70.32,66.6,22.35M,-0.09%
RKLB,Rocket Lab USA Inc,4/7/2026,66.32,67.115,68.3,63.96,25.40M,-1.99%
RKLB,Rocket Lab USA Inc,4/8/2026,69.08,72,73.668,67.811,26.86M,4.16%
RKLB,Rocket Lab USA Inc,4/9/2026,66.74,69.06,69.79,66.545,17.25M,-3.39%
RKLB,Rocket Lab USA Inc,4/10/2026,68.05,67.7,70.06,66.34,18.62M,1.96%
RKLB,Rocket Lab USA Inc,4/13/2026,70.62,67.05,71.55,66.59,17.99M,3.78%
RKLB,Rocket Lab USA Inc,4/14/2026,72.22,73.555,74.75,70.48,22.64M,2.27%
RKLB,Rocket Lab USA Inc,4/15/2026,73.6,73.585,74.59,69.6,23.57M,1.91%
RKLB,Rocket Lab USA Inc,4/16/2026,82.93,76.97,83.49,76.9,41.01M,12.68%
RKLB,Rocket Lab USA Inc,4/17/2026,84.8,84.08,86.99,83.6,26.07M,2.25%
RKLB,Rocket Lab USA Inc,4/20/2026,89.46,84.85,90.35,84.6,28.83M,5.50%
RKLB,Rocket Lab USA Inc,4/21/2026,86.64,90.33,91.95,85.75,27.45M,-3.15%
RKLB,Rocket Lab USA Inc,4/22/2026,90.04,90.465,93.1,87.76,21.47M,3.92%
RKLB,Rocket Lab USA Inc,4/23/2026,84.6,89.85,90.3,81.565,22.66M,-6.04%
RKLB,Rocket Lab USA Inc,4/24/2026,79.68,86.34,86.41,79.08,22.13M,-5.82%
RKLB,Rocket Lab USA Inc,4/27/2026,82.29,79.69,82.48,77.053,19.39M,3.28%
RKLB,Rocket Lab USA Inc,4/28/2026,78.59,80.075,81.78,77.6,14.38M,-4.50%
RKLB,Rocket Lab USA Inc,4/29/2026,77.02,77.86,78.01,73.99,17.75M,-2.00%
RKLB,Rocket Lab USA Inc,4/30/2026,82.51,77.55,83.59,77.47,17.60M,7.13%
RKLB,Rocket Lab USA Inc,5/1/2026,78.81,83.53,83.79,78.43,16.38M,-4.48%
RKLB,Rocket Lab USA Inc,5/4/2026,80.31,78.36,81.833,76.25,16.24M,1.90%
RKLB,Rocket Lab USA Inc,5/5/2026,78.76,82.6,83,76.56,17.13M,-1.93%
RKLB,Rocket Lab USA Inc,5/6/2026,84.65,79.62,84.68,78.86,19.78M,7.48%
RKLB,Rocket Lab USA Inc,5/7/2026,78.58,84.71,84.79,77.93,22.94M,-7.17%
RKLB,Rocket Lab USA Inc,5/8/2026,105.47,86.035,105.62,85.87,79.93M,34.22%
RKLB,Rocket Lab USA Inc,5/11/2026,117.35,105.27,123.94,104,54.78M,11.26%
RKLB,Rocket Lab USA Inc,5/12/2026,117.56,112.76,121.49,112.41,34.20M,0.18%
RKLB,Rocket Lab USA Inc,5/13/2026,124.15,123.895,127.24,116.89,26.59M,5.61%
RKLB,Rocket Lab USA Inc,5/14/2026,132.55,123.1,133.18,121.31,25.32M,6.77%
RKLB,Rocket Lab USA Inc,5/15/2026,124.77,128.1,130.37,121.8,22.47M,-5.87%
RKLB,Rocket Lab USA Inc,5/18/2026,131.16,132.755,138.38,125.671,32.32M,5.12%
RKLB,Rocket Lab USA Inc,5/19/2026,127.31,125.97,129.57,115.23,30.08M,-2.94%
RKLB,Rocket Lab USA Inc,5/20/2026,134.28,127.48,135.35,124.22,24.35M,5.47%
RKLB,Rocket Lab USA Inc,5/21/2026,125.45,126.14,130.87,123.8,30.83M,-6.58%
RKLB,Rocket Lab USA Inc,5/22/2026,135.76,131.41,139.76,131.31,32.97M,8.22%
RKLB,Rocket Lab USA Inc,5/26/2026,143.2,141.965,146,138.56,32.92M,5.48%
RKLB,Rocket Lab USA Inc,5/27/2026,150.23,149.72,151,137.91,29.19M,4.91%
RKLB,Rocket Lab USA Inc,5/28/2026,148.03,147.17,150.83,142.37,20.46M,-1.46%
RKLB,Rocket Lab USA Inc,5/29/2026,143.48,139.94,144,134.05,34.88M,-3.07%
RKLB,Rocket Lab USA Inc,6/1/2026,122.39,132.38,135.63,121,37.29M,-14.70%
RKLB,Rocket Lab USA Inc,6/2/2026,123.32,125.34,128.4,122.56,19.50M,0.76%
RKLB,Rocket Lab USA Inc,6/3/2026,114.7,119.58,122.505,113.66,21.58M,-6.99%
RKLB,Rocket Lab USA Inc,6/4/2026,119.95,113.085,122.63,110.39,24.83M,4.58%
RKLB,Rocket Lab USA Inc,6/5/2026,110.08,114.27,117.98,106.73,21.48M,-8.23%
RKLB,Rocket Lab USA Inc,6/8/2026,113.65,114.67,116.25,111,13.43M,3.24%
RKLB,Rocket Lab USA Inc,6/9/2026,108.23,118.4,119.79,101.2,23.73M,-4.77%
RKLB,Rocket Lab USA Inc,6/10/2026,105.05,107.7,111.96,104.41,13.00M,-2.94%
RKLB,Rocket Lab USA Inc,6/11/2026,114.78,106.59,115.045,105.4,26.12M,9.26%
RKLB,Rocket Lab USA Inc,6/12/2026,102.39,118.02,118.377,99.61,63.39M,-10.79%
RKLB,Rocket Lab USA Inc,6/15/2026,109.25,107.96,110.78,105.8,28.93M,6.70%
RKLB,Rocket Lab USA Inc,6/16/2026,104.63,107.71,108.5,103.07,27.89M,-4.23%
RKLB,Rocket Lab USA Inc,6/17/2026,107.98,104.12,111.34,104.04,28.72M,3.20%
RKLB,Rocket Lab USA Inc,6/18/2026,107.24,108.83,109.55,100.96,70.33M,-0.69%
RKLB,Rocket Lab USA Inc,6/22/2026,100.29,106.99,107.4,96.5,27.78M,-6.48%
RKLB,Rocket Lab USA Inc,6/23/2026,95.12,96.02,101.73,94.885,22.31M,-5.16%
RKLB,Rocket Lab USA Inc,6/24/2026,85.41,93.85,94.3,84.85,26.77M,-10.21%
RKLB,Rocket Lab USA Inc,6/25/2026,80.69,86.11,86.11,80,26.90M,-5.53%
RKLB,Rocket Lab USA Inc,6/26/2026,84.54,81.11,86.28,80.73,34.39M,4.77%
RKLB,Rocket Lab USA Inc,6/29/2026,98.01,91.295,99.08,89.85,42.90M,15.93%
RKLB,Rocket Lab USA Inc,6/30/2026,101.65,97.2,104.16,95.64,32.81M,3.71%
RKLB,Rocket Lab USA Inc,7/1/2026,100.07,101.195,107.6,97.62,21.67M,-1.55%
RKLB,Rocket Lab USA Inc,7/2/2026,100.46,100.99,106.99,97.91,22.23M,0.39%
RKLB,Rocket Lab USA Inc,7/6/2026,93.09,100.43,102.1,92.3,20.51M,-7.34%
RKLB,Rocket Lab USA Inc,7/7/2026,83.41,90.01,90.74,82.85,26.18M,-10.40%
RKLB,Rocket Lab USA Inc,7/8/2026,83.35,86.5,86.5,81,19.19M,-0.07%
RKLB,Rocket Lab USA Inc,7/9/2026,82.55,86.295,86.3,82.41,17.87M,-0.96%
RKLB,Rocket Lab USA Inc,7/10/2026,81.04,82.29,82.3,79.06,14.59M,-1.83%
RKLB,Rocket Lab USA Inc,7/13/2026,76.73,79.89,79.97,75.6,18.86M,-5.32%
RKLB,Rocket Lab USA Inc,7/14/2026,78.81,78.76,82.54,78.51,15.80M,2.71%
RKLB,Rocket Lab USA Inc,7/15/2026,76.2,78.94,81.05,74.84,15.41M,-3.31%
RKLB,Rocket Lab USA Inc,7/16/2026,67.35,73.38,73.95,66,31.13M,-11.61%
RKLB,Rocket Lab USA Inc,7/17/2026,67.62,65.93,70.63,64.51,22.37M,0.40%
RKLB,Rocket Lab USA Inc,7/20/2026,65.74,68.39,69.54,65.44,17.94M,-2.78%
RKLB,Rocket Lab USA Inc,7/21/2026,69.12,66.34,69.741,65.901,20.06M,5.14%
RKLB,Rocket Lab USA Inc,7/22/2026,69.75,70.49,72.94,69.25,21.03M,0.91%
RKLB,Rocket Lab USA Inc,7/23/2026,69.99,68.13,70.81,66.85,14.16M,0.34%
RKLB,Rocket Lab USA Inc,7/24/2026,63.91,69.3,69.55,63,18.96M,-8.69%
RKLB,Rocket Lab USA Inc,7/27/2026,66.94,64.8,68.34,64.03,15.75M,4.74%
RKLB,Rocket Lab USA Inc,7/28/2026,63.89,64.5,64.95,60.05,18.44M,-4.56%
RKLB,Rocket Lab USA Inc,7/29/2026,58.6,63.505,64.1,58.2,19.51M,-8.28%
RKLB,Rocket Lab USA Inc,7/30/2026,64.68,60.93,64.84,59.68,18.17M,10.38%
RKLB,Rocket Lab USA Inc,7/31/2026,64.95,66.13,67.84,62.66,13.53M,0.42%
RKLB,Rocket Lab USA Inc,8/3/2026,70.43,63.34,70.6,62.17,16.77M,8.44%
RKLB,Rocket Lab USA Inc,8/4/2026,74.48,72.795,75.59,72.36,19.42M,5.75%
RKLB,Rocket Lab USA Inc,8/5/2026,74.82,74.88,77.3,72.91,16.76M,0.46%
RKLB,Rocket Lab USA Inc,8/6/2026,75.67,72.31,80.192,72.3,19.51M,1.14%
RKLB,Rocket Lab USA Inc,8/7/2026,82.83,78.8,83.25,77.38,24.24M,9.46%
RKLB,Rocket Lab USA Inc,8/10/2026,80.04,84.065,86.83,79.77,34.02M,-3.37%
RKLB,Rocket Lab USA Inc,8/11/2026,80.01,76.26,81.4,75.46,30.08M,-0.04%
RKLB,Rocket Lab USA Inc,8/12/2026,81.17,80.11,82.2,78.07,16.94M,1.45%
RKLB,Rocket Lab USA Inc,8/13/2026,80.1,78.5,84.21,77.71,17.31M,-1.32%
RKLB,Rocket Lab USA Inc,8/14/2026,80.25,79.59,82.48,78.51,13.90M,0.19%
RKLB,Rocket Lab USA Inc,8/17/2026,82.08,81.01,85.55,80.53,18.11M,2.28%
RKLB,Rocket Lab USA Inc,8/18/2026,79.16,78.55,81.04,76.88,15.42M,-3.56%
RKLB,Rocket Lab USA Inc,8/19/2026,75.84,77.02,77.6,73.872,16.41M,-4.19%
RKLB,Rocket Lab USA Inc,8/20/2026,72.95,74.95,75.37,71.75,16.68M,-3.81%
RKLB,Rocket Lab USA Inc,8/21/2026,72.57,74.15,74.95,71.45,12.57M,-0.52%
RKLB,Rocket Lab USA Inc,8/24/2026,68.28,71.21,71.21,68.17,14.46M,-5.91%
RKLB,Rocket Lab USA Inc,8/25/2026,66.91,69.92,70,66.48,15.06M,-2.01%
RKLB,Rocket Lab USA Inc,8/26/2026,66.18,66.4,67.675,65.8,11.17M,-1.09%
RKLB,Rocket Lab USA Inc,8/27/2026,67.53,66.91,67.57,65.42,11.49M,2.04%
RKLB,Rocket Lab USA Inc,8/28/2026,64.39,66.74,66.75,63.495,18.57M,-4.65%
RKLB,Rocket Lab USA Inc,8/31/2026,63.92,63.73,64.112,62.79,15.28M,-0.73%
RKLB,Rocket Lab USA Inc,9/1/2026,62.54,62.24,63.935,61.93,14.44M,-2.16%
RKLB,Rocket Lab USA Inc,9/2/2026,63.1,62.35,63.52,61.45,16.64M,0.90%
RKLB,Rocket Lab USA Inc,9/3/2026,63.81,64.64,64.9,62.36,18.91M,1.13%
RKLB,Rocket Lab USA Inc,9/4/2026,64.26,64.76,65,63.2,14.95M,0.71%
RKLB,Rocket Lab USA Inc,9/8/2026,65.87,65.27,67.48,64.15,24.38M,2.51%
RKLB,Rocket Lab USA Inc,9/9/2026,63.07,67.32,67.7,62.99,26.48M,-4.25%
RKLB,Rocket Lab USA Inc,9/10/2026,61.96,61.65,64.9,61.53,18.96M,-1.76%
RKLB,Rocket Lab USA Inc,9/11/2026,62.95,62.32,64.89,62.06,15.39M,1.60%
RKLB,Rocket Lab USA Inc,9/14/2026,62.55,60.55,63.375,60.51,14.45M,-0.64%
RKLB,Rocket Lab USA Inc,9/15/2026,63.55,63.68,65.72,62.02,20.45M,1.60%
RKLB,Rocket Lab USA Inc,9/16/2026,63.7,63.67,64.56,61.74,17.74M,0.24%
RKLB,Rocket Lab USA Inc,9/17/2026,67.82,65.55,68.331,65.26,21.96M,6.47%
RKLB,Rocket Lab USA Inc,9/18/2026,64.57,68.43,68.64,63.79,32.30M,-4.79%
RKLB,Rocket Lab USA Inc,9/21/2026,69.89,65.285,70.01,65.275,26.04M,8.24%
RKLB,Rocket Lab USA Inc,9/22/2026,71.98,71.645,72.5,70.1,22.05M,2.99%
RKLB,Rocket Lab USA Inc,9/23/2026,70.31,72.87,73.57,70.08,19.26M,-2.32%
RKLB,Rocket Lab USA Inc,9/24/2026,73.61,69.775,75.46,68.922,25.30M,4.69%
RKLB,Rocket Lab USA Inc,9/25/2026,73.95,74.15,75.32,72.78,18.86M,0.46%
RKLB,Rocket Lab USA Inc,9/28/2026,72.19,73.2,73.78,71.68,15.01M,-2.38%
RKLB,Rocket Lab USA Inc,9/29/2026,69.7,73.47,74.25,69.4,19.68M,-3.45%
